,ID,Category,Date,Score,Name,Active
0,0,Basketball,2022-10-18,126 - 117,Boston Celtics - Philadelphia 76ers,False
1,1,Basketball,2022-10-18,123 - 109,Golden State Warriors - Los Angeles Lakers,False
2,2,Basketball,2022-10-19,113 - 109,Detroit Pistons - Orlando Magic,False
3,3,Basketball,2022-10-19,107 - 114,Indiana Pacers - Washington Wizards,False
4,4,Basketball,2022-10-19,117 - 107,Atlanta Hawks - Houston Rockets,False
5,5,Basketball,2022-10-19,108 - 130,Brooklyn Nets - New Orleans Pelicans,False
6,6,Basketball,2022-10-19,115 - 112,Memphis Grizzlies - New York Knicks,False
7,7,Basketball,2022-10-19,108 - 116,Miami Heat - Chicago Bulls,False
8,8,Basketball,2022-10-19,108 - 105,Toronto Raptors - Cleveland Cavaliers,False
9,9,Basketball,2022-10-19,115 - 108,Minnesota Timberwolves - Oklahoma City Thunder,False
10,10,Basketball,2022-10-19,102 - 129,San Antonio Spurs - Charlotte Hornets,False
11,11,Basketball,2022-10-19,123 - 102,Utah Jazz - Denver Nuggets,False
12,12,Basketball,2022-10-19,107 - 105,Phoenix Suns - Dallas Mavericks,False
13,13,Basketball,2022-10-19,108 - 115,Sacramento Kings - Portland Trail Blazers,False
14,14,Basketball,2022-10-20,88 - 90,Philadelphia 76ers - Milwaukee Bucks,False
15,15,Basketball,2022-10-20,97 - 103,Los Angeles Lakers - Los Angeles Clippers,False
16,16,Basketball,2022-10-21,112 - 124,Charlotte Hornets - New Orleans Pelicans,False
17,17,Basketball,2022-10-21,134 - 137,Indiana Pacers - San Antonio Spurs,False
18,18,Basketball,2022-10-21,102 - 100,Washington Wizards - Chicago Bulls,False
19,19,Basketball,2022-10-21,108 - 98,Atlanta Hawks - Orlando Magic,False
20,20,Basketball,2022-10-21,109 - 105,Brooklyn Nets - Toronto Raptors,False
21,21,Basketball,2022-10-21,104 - 111,Miami Heat - Boston Celtics,False
22,22,Basketball,2022-10-21,130 - 106,New York Knicks - Detroit Pistons,False
23,23,Basketball,2022-10-21,122 - 129,Houston Rockets - Memphis Grizzlies,False
24,24,Basketball,2022-10-21,126 - 132,Minnesota Timberwolves - Utah Jazz,False
25,25,Basketball,2022-10-21,123 - 128,Golden State Warriors - Denver Nuggets,False
26,26,Basketball,2022-10-21,113 - 111,Portland Trail Blazers - Phoenix Suns,False
27,27,Basketball,2022-10-22,105 - 114,Philadelphia 76ers - San Antonio Spurs,False
28,28,Basketball,2022-10-22,124 - 115,Indiana Pacers - Detroit Pistons,False
29,29,Basketball,2022-10-22,120 - 126,Orlando Magic - Boston Celtics,False
30,30,Basketball,2022-10-22,96 - 128,Chicago Bulls - Cleveland Cavaliers,False
31,31,Basketball,2022-10-22,112 - 109,Miami Heat - Toronto Raptors,False
32,32,Basketball,2022-10-22,125 - 105,Milwaukee Bucks - Houston Rockets,False
33,33,Basketball,2022-10-22,137 - 96,Dallas Mavericks - Memphis Grizzlies,False
34,34,Basketball,2022-10-22,122 - 117,Denver Nuggets - Oklahoma City Thunder,False
35,35,Basketball,2022-10-22,109 - 111,Sacramento Kings - Los Angeles Clippers,False
36,36,Basketball,2022-10-23,104 - 106,Los Angeles Lakers - Portland Trail Blazers,False
37,37,Basketball,2022-10-23,109 - 126,Atlanta Hawks - Charlotte Hornets,False
38,38,Basketball,2022-10-23,117 - 107,Cleveland Cavaliers - Washington Wizards,False
39,39,Basketball,2022-10-23,121 - 122,New Orleans Pelicans - Utah Jazz,False
40,40,Basketball,2022-10-23,106 - 116,Oklahoma City Thunder - Minnesota Timberwolves,False
41,41,Basketball,2022-10-23,130 - 125,Golden State Warriors - Sacramento Kings,False
42,42,Basketball,2022-10-23,95 - 112,Los Angeles Clippers - Phoenix Suns,False
43,43,Basketball,2022-10-24,120 - 106,Philadelphia 76ers - Indiana Pacers,False
44,44,Basketball,2022-10-24,90 - 98,Miami Heat - Toronto Raptors,False
45,45,Basketball,2022-10-24,115 - 102,New York Knicks - Orlando Magic,False
46,46,Basketball,2022-10-24,120 - 102,Chicago Bulls - Boston Celtics,False
47,47,Basketball,2022-10-24,114 - 108,Houston Rockets - Utah Jazz,False
48,48,Basketball,2022-10-24,134 - 124,Memphis Grizzlies - Brooklyn Nets,False
49,49,Basketball,2022-10-24,106 - 115,Minnesota Timberwolves - San Antonio Spurs,False
50,50,Basketball,2022-10-24,135 - 110,Portland Trail Blazers - Denver Nuggets,False
51,51,Basketball,2022-10-25,120 - 99,Washington Wizards - Detroit Pistons,False
52,52,Basketball,2022-10-25,113 - 111,New Orleans Pelicans - Dallas Mavericks,False
53,53,Basketball,2022-10-25,108 - 94,Oklahoma City Thunder - Los Angeles Clippers,False
54,54,Basketball,2022-10-25,134 - 105,Phoenix Suns - Golden State Warriors,False
55,55,Basketball,2022-10-26,103 - 92,Cleveland Cavaliers - Orlando Magic,False
56,56,Basketball,2022-10-26,113 - 118,Detroit Pistons - Atlanta Hawks,False
57,57,Basketball,2022-10-26,110 - 99,Milwaukee Bucks - Brooklyn Nets,False
58,58,Basketball,2022-10-26,134 - 131,New York Knicks - Charlotte Hornets,False
59,59,Basketball,2022-10-26,119 - 109,Toronto Raptors - Philadelphia 76ers,False
60,60,Basketball,2022-10-26,124 - 109,Chicago Bulls - Indiana Pacers,False
61,61,Basketball,2022-10-26,134 - 122,Minnesota Timberwolves - San Antonio Spurs,False
62,62,Basketball,2022-10-26,109 - 101,Utah Jazz - Houston Rockets,False
63,63,Basketball,2022-10-26,110 - 99,Denver Nuggets - Los Angeles Lakers,False
64,64,Basketball,2022-10-26,98 - 119,Portland Trail Blazers - Miami Heat,False
65,65,Basketball,2022-10-27,125 - 129,Brooklyn Nets - Dallas Mavericks,False
66,66,Basketball,2022-10-27,118 - 110,Oklahoma City Thunder - Los Angeles Clippers,False
67,67,Basketball,2022-10-27,123 - 110,Golden State Warriors - Miami Heat,False
68,68,Basketball,2022-10-27,110 - 125,Sacramento Kings - Memphis Grizzlies,False
69,69,Basketball,2022-10-28,112 - 136,Detroit Pistons - Atlanta Hawks,False
70,70,Basketball,2022-10-28,113 - 93,Orlando Magic - Charlotte Hornets,False
71,71,Basketball,2022-10-28,123 - 132,Boston Celtics - Cleveland Cavaliers,False
72,72,Basketball,2022-10-28,90 - 112,Toronto Raptors - Philadelphia 76ers,False
73,73,Basketball,2022-10-28,117 - 127,Washington Wizards - Indiana Pacers,False
74,74,Basketball,2022-10-28,119 - 108,Milwaukee Bucks - New York Knicks,False
75,75,Basketball,2022-10-28,111 - 102,Minnesota Timberwolves - Los Angeles Lakers,False
76,76,Basketball,2022-10-28,129 - 124,San Antonio Spurs - Chicago Bulls,False
77,77,Basketball,2022-10-28,117 - 101,Denver Nuggets - Utah Jazz,False
78,78,Basketball,2022-10-28,124 - 111,Phoenix Suns - New Orleans Pelicans,False
79,79,Basketball,2022-10-28,125 - 111,Portland Trail Blazers - Houston Rockets,False
80,80,Basketball,2022-10-29,119 - 113,Sacramento Kings - Miami Heat,False
81,81,Basketball,2022-10-29,120 - 113,Charlotte Hornets - Golden State Warriors,False
82,82,Basketball,2022-10-29,116 - 125,Brooklyn Nets - Indiana Pacers,False
83,83,Basketball,2022-10-29,109 - 114,Chicago Bulls - Philadelphia 76ers,False
84,84,Basketball,2022-10-29,123 - 115,Milwaukee Bucks - Atlanta Hawks,False
85,85,Basketball,2022-10-29,111 - 117,Dallas Mavericks - Oklahoma City Thunder,False
86,86,Basketball,2022-10-29,124 - 123,Utah Jazz - Memphis Grizzlies,False
87,87,Basketball,2022-10-30,91 - 112,Los Angeles Clippers - New Orleans Pelicans,False
88,88,Basketball,2022-10-30,112 - 94,Boston Celtics - Washington Wizards,False
89,89,Basketball,2022-10-30,121 - 108,Cleveland Cavaliers - New York Knicks,False
90,90,Basketball,2022-10-30,128 - 114,Detroit Pistons - Golden State Warriors,False
91,91,Basketball,2022-10-30,107 - 98,San Antonio Spurs - Minnesota Timberwolves,False
92,92,Basketball,2022-10-30,114 - 105,Dallas Mavericks - Orlando Magic,False
93,93,Basketball,2022-10-30,124 - 109,Phoenix Suns - Houston Rockets,False
94,94,Basketball,2022-10-30,121 - 110,Los Angeles Lakers - Denver Nuggets,False
95,95,Basketball,2022-10-31,108 - 115,Charlotte Hornets - Sacramento Kings,False
96,96,Basketball,2022-10-31,111 - 118,Washington Wizards - Philadelphia 76ers,False
97,97,Basketball,2022-10-31,116 - 109,Brooklyn Nets - Indiana Pacers,False
98,98,Basketball,2022-10-31,139 - 109,Toronto Raptors - Atlanta Hawks,False
99,99,Basketball,2022-10-31,110 - 108,Milwaukee Bucks - Detroit Pistons,False
100,100,Basketball,2022-10-31,121 - 105,Utah Jazz - Memphis Grizzlies,False
101,101,Basketball,2022-10-31,95 - 93,Los Angeles Clippers - Houston Rockets,False
102,102,Basketball,2022-11-01,99 - 108,Brooklyn Nets - Chicago Bulls,False
103,103,Basketball,2022-11-01,116 - 109,Miami Heat - Golden State Warriors,False
104,104,Basketball,2022-11-01,116 - 108,Oklahoma City Thunder - Orlando Magic,False
105,105,Basketball,2022-11-01,116 - 107,Phoenix Suns - Minnesota Timberwolves,False
106,106,Basketball,2022-11-02,111 - 121,Philadelphia 76ers - Washington Wizards,False
107,107,Basketball,2022-11-02,114 - 113,Cleveland Cavaliers - Boston Celtics,False
108,108,Basketball,2022-11-02,110 - 107,Miami Heat - Sacramento Kings,False
109,109,Basketball,2022-11-02,99 - 112,New York Knicks - Atlanta Hawks,False
110,110,Basketball,2022-11-02,106 - 88,Chicago Bulls - Charlotte Hornets,False
111,111,Basketball,2022-11-02,101 - 109,Houston Rockets - Los Angeles Clippers,False
112,112,Basketball,2022-11-02,116 - 91,Milwaukee Bucks - Detroit Pistons,False
113,113,Basketball,2022-11-02,100 - 143,San Antonio Spurs - Toronto Raptors,False
114,114,Basketball,2022-11-02,103 - 100,Dallas Mavericks - Utah Jazz,False
115,115,Basketball,2022-11-02,106 - 111,Portland Trail Blazers - Memphis Grizzlies,False
116,116,Basketball,2022-11-02,120 - 117,Los Angeles Lakers - New Orleans Pelicans,False
117,117,Basketball,2022-11-03,130 - 129,Orlando Magic - Golden State Warriors,False
118,118,Basketball,2022-11-03,110 - 122,Oklahoma City Thunder - Denver Nuggets,False
119,119,Basketball,2022-11-04,88 - 112,Detroit Pistons - Cleveland Cavaliers,False
120,120,Basketball,2022-11-04,101 - 99,Indiana Pacers - Miami Heat,False
121,121,Basketball,2022-11-04,104 - 106,Philadelphia 76ers - New York Knicks,False
122,122,Basketball,2022-11-04,86 - 128,Washington Wizards - Brooklyn Nets,False
123,123,Basketball,2022-11-04,123 - 119,Boston Celtics - Chicago Bulls,False
124,124,Basketball,2022-11-04,130 - 99,Memphis Grizzlies - Charlotte Hornets,False
125,125,Basketball,2022-11-04,106 - 113,San Antonio Spurs - Los Angeles Clippers,False
126,126,Basketball,2022-11-04,111 - 110,Dallas Mavericks - Toronto Raptors,False
127,127,Basketball,2022-11-04,114 - 105,New Orleans Pelicans - Golden State Warriors,False
128,128,Basketball,2022-11-04,102 - 115,Minnesota Timberwolves - Milwaukee Bucks,False
129,129,Basketball,2022-11-04,106 - 108,Phoenix Suns - Portland Trail Blazers,False
130,130,Basketball,2022-11-04,116 - 130,Los Angeles Lakers - Utah Jazz,False
131,131,Basketball,2022-11-05,123 - 126,Orlando Magic - Sacramento Kings,False
132,132,Basketball,2022-11-05,94 - 98,Charlotte Hornets - Brooklyn Nets,False
133,133,Basketball,2022-11-05,124 - 121,Atlanta Hawks - New Orleans Pelicans,False
134,134,Basketball,2022-11-05,118 - 133,New York Knicks - Boston Celtics,False
135,135,Basketball,2022-11-05,108 - 94,Milwaukee Bucks - Oklahoma City Thunder,False
136,136,Basketball,2022-11-05,129 - 117,Minnesota Timberwolves - Houston Rockets,False
137,137,Basketball,2022-11-05,126 - 101,Denver Nuggets - San Antonio Spurs,False
138,138,Basketball,2022-11-05,102 - 82,Phoenix Suns - Portland Trail Blazers,False
139,139,Basketball,2022-11-06,100 - 114,Los Angeles Lakers - Cleveland Cavaliers,False
140,140,Basketball,2022-11-06,103 - 97,Memphis Grizzlies - Washington Wizards,False
141,141,Basketball,2022-11-06,113 - 104,Toronto Raptors - Chicago Bulls,False
142,142,Basketball,2022-11-06,102 - 110,Los Angeles Clippers - Utah Jazz,False
143,143,Basketball,2022-11-07,100 - 108,Charlotte Hornets - Washington Wizards,False
144,144,Basketball,2022-11-07,127 - 134,Orlando Magic - Houston Rockets,False
145,145,Basketball,2022-11-07,112 - 103,Detroit Pistons - Oklahoma City Thunder,False
146,146,Basketball,2022-11-07,129 - 122,Indiana Pacers - New Orleans Pelicans,False
147,147,Basketball,2022-11-07,100 - 88,Philadelphia 76ers - Phoenix Suns,False
148,148,Basketball,2022-11-07,117 - 98,Atlanta Hawks - Milwaukee Bucks,False
149,149,Basketball,2022-11-07,107 - 110,Miami Heat - Portland Trail Blazers,False
150,150,Basketball,2022-11-07,111 - 97,Chicago Bulls - Toronto Raptors,False
151,151,Basketball,2022-11-07,106 - 109,Memphis Grizzlies - Boston Celtics,False
152,152,Basketball,2022-11-07,107 - 120,Minnesota Timberwolves - New York Knicks,False
153,153,Basketball,2022-11-07,109 - 115,San Antonio Spurs - Denver Nuggets,False
154,154,Basketball,2022-11-07,96 - 94,Dallas Mavericks - Brooklyn Nets,False
155,155,Basketball,2022-11-07,116 - 113,Golden State Warriors - Sacramento Kings,False
156,156,Basketball,2022-11-07,139 - 116,Utah Jazz - Los Angeles Lakers,False
157,157,Basketball,2022-11-07,119 - 117,Los Angeles Clippers - Cleveland Cavaliers,False
158,158,Basketball,2022-11-09,94 - 87,Orlando Magic - Dallas Mavericks,False
159,159,Basketball,2022-11-09,95 - 105,Charlotte Hornets - Portland Trail Blazers,False
160,160,Basketball,2022-11-09,119 - 122,Indiana Pacers - Denver Nuggets,False
161,161,Basketball,2022-11-09,119 - 125,Atlanta Hawks - Utah Jazz,False
162,162,Basketball,2022-11-09,128 - 112,Boston Celtics - Detroit Pistons,False
163,163,Basketball,2022-11-09,112 - 85,Brooklyn Nets - New York Knicks,False
164,164,Basketball,2022-11-09,116 - 109,Toronto Raptors - Houston Rockets,False
165,165,Basketball,2022-11-09,111 - 115,Chicago Bulls - New Orleans Pelicans,False
166,166,Basketball,2022-11-09,117 - 129,Minnesota Timberwolves - Phoenix Suns,False
167,167,Basketball,2022-11-09,132 - 136,Oklahoma City Thunder - Milwaukee Bucks,False
168,168,Basketball,2022-11-09,122 - 124,San Antonio Spurs - Memphis Grizzlies,False
169,169,Basketball,2022-11-09,114 - 101,Los Angeles Clippers - Los Angeles Lakers,False
170,170,Basketball,2022-11-09,127 - 120,Sacramento Kings - Cleveland Cavaliers,False
171,171,Basketball,2022-11-10,113 - 105,Washington Wizards - Dallas Mavericks,False
172,172,Basketball,2022-11-10,104 - 95,Atlanta Hawks - Philadelphia 76ers,False
173,173,Basketball,2022-11-10,117 - 112,Miami Heat - Charlotte Hornets,False
174,174,Basketball,2022-11-10,95 - 106,New Orleans Pelicans - Portland Trail Blazers,False
175,175,Basketball,2022-11-11,131 - 112,Boston Celtics - Denver Nuggets,False
176,176,Basketball,2022-11-11,114 - 97,Orlando Magic - Phoenix Suns,False
177,177,Basketball,2022-11-11,121 - 112,New York Knicks - Detroit Pistons,False
178,178,Basketball,2022-11-11,132 - 113,Oklahoma City Thunder - Toronto Raptors,False
179,179,Basketball,2022-11-11,111 - 93,San Antonio Spurs - Milwaukee Bucks,False
180,180,Basketball,2022-11-11,114 - 103,Memphis Grizzlies - Minnesota Timberwolves,False
181,181,Basketball,2022-11-11,106 - 101,Golden State Warriors - Cleveland Cavaliers,False
182,182,Basketball,2022-11-11,114 - 120,Los Angeles Lakers - Sacramento Kings,False
183,183,Basketball,2022-11-12,95 - 110,Los Angeles Clippers - Brooklyn Nets,False
184,184,Basketball,2022-11-12,121 - 112,Washington Wizards - Utah Jazz,False
185,185,Basketball,2022-11-12,108 - 117,Detroit Pistons - Boston Celtics,False
186,186,Basketball,2022-11-12,118 - 104,Indiana Pacers - Toronto Raptors,False
187,187,Basketball,2022-11-12,121 - 109,Philadelphia 76ers - Atlanta Hawks,False
188,188,Basketball,2022-11-12,132 - 115,Miami Heat - Charlotte Hornets,False
189,189,Basketball,2022-11-12,117 - 112,Dallas Mavericks - Portland Trail Blazers,False
190,190,Basketball,2022-11-12,119 - 106,New Orleans Pelicans - Houston Rockets,False
191,191,Basketball,2022-11-13,135 - 145,New York Knicks - Oklahoma City Thunder,False
192,192,Basketball,2022-11-13,124 - 129,Cleveland Cavaliers - Minnesota Timberwolves,False
193,193,Basketball,2022-11-13,102 - 92,Washington Wizards - Memphis Grizzlies,False
194,194,Basketball,2022-11-13,105 - 98,Philadelphia 76ers - Utah Jazz,False
195,195,Basketball,2022-11-13,103 - 126,Chicago Bulls - Denver Nuggets,False
196,196,Basketball,2022-11-13,122 - 115,Sacramento Kings - Golden State Warriors,False
197,197,Basketball,2022-11-13,116 - 103,Los Angeles Lakers - Brooklyn Nets,False
198,198,Basketball,2022-11-14,111 - 115,Detroit Pistons - Toronto Raptors,False
199,199,Basketball,2022-11-14,105 - 112,Orlando Magic - Charlotte Hornets,False
200,200,Basketball,2022-11-14,126 - 122,Boston Celtics - Oklahoma City Thunder,False
201,201,Basketball,2022-11-14,113 - 112,Miami Heat - Phoenix Suns,False
202,202,Basketball,2022-11-14,106 - 122,Houston Rockets - Los Angeles Clippers,False
203,203,Basketball,2022-11-14,106 - 121,Milwaukee Bucks - Atlanta Hawks,False
204,204,Basketball,2022-11-14,132 - 95,Golden State Warriors - San Antonio Spurs,False
205,205,Basketball,2022-11-15,113 - 102,New Orleans Pelicans - Memphis Grizzlies,False
206,206,Basketball,2022-11-15,103 - 101,Dallas Mavericks - Los Angeles Clippers,False
207,207,Basketball,2022-11-15,111 - 118,Utah Jazz - New York Knicks,False
208,208,Basketball,2022-11-15,117 - 110,Portland Trail Blazers - San Antonio Spurs,False
209,209,Basketball,2022-11-15,153 - 121,Sacramento Kings - Brooklyn Nets,False
210,210,Basketball,2022-11-16,113 - 125,Charlotte Hornets - Indiana Pacers,False
211,211,Basketball,2022-11-16,108 - 126,Orlando Magic - Minnesota Timberwolves,False
212,212,Basketball,2022-11-16,120 - 121,Washington Wizards - Oklahoma City Thunder,False
213,213,Basketball,2022-11-16,101 - 126,Atlanta Hawks - Boston Celtics,False
214,214,Basketball,2022-11-16,112 - 104,Toronto Raptors - Miami Heat,False
215,215,Basketball,2022-11-16,113 - 98,Milwaukee Bucks - Cleveland Cavaliers,False
216,216,Basketball,2022-11-16,124 - 110,New Orleans Pelicans - Chicago Bulls,False
217,217,Basketball,2022-11-16,92 - 101,Dallas Mavericks - Houston Rockets,False
218,218,Basketball,2022-11-16,103 - 106,Denver Nuggets - New York Knicks,False
219,219,Basketball,2022-11-16,130 - 119,Phoenix Suns - Golden State Warriors,False
220,220,Basketball,2022-11-17,107 - 109,Portland Trail Blazers - Brooklyn Nets,False
221,221,Basketball,2022-11-17,130 - 112,Sacramento Kings - San Antonio Spurs,False
222,222,Basketball,2022-11-17,96 - 91,Los Angeles Clippers - Detroit Pistons,False
223,223,Basketball,2022-11-18,107 - 106,Washington Wizards - Miami Heat,False
224,224,Basketball,2022-11-18,132 - 122,Cleveland Cavaliers - Charlotte Hornets,False
225,225,Basketball,2022-11-18,110 - 102,Philadelphia 76ers - Milwaukee Bucks,False
226,226,Basketball,2022-11-18,107 - 108,Chicago Bulls - Orlando Magic,False
227,227,Basketball,2022-11-18,91 - 99,Houston Rockets - Indiana Pacers,False
228,228,Basketball,2022-11-18,121 - 110,Memphis Grizzlies - Oklahoma City Thunder,False
229,229,Basketball,2022-11-18,127 - 99,Dallas Mavericks - Denver Nuggets,False
230,230,Basketball,2022-11-18,109 - 117,New Orleans Pelicans - Boston Celtics,False
231,231,Basketball,2022-11-18,134 - 133,Utah Jazz - Phoenix Suns,False
232,232,Basketball,2022-11-18,111 - 101,Golden State Warriors - New York Knicks,False
233,233,Basketball,2022-11-18,128 - 121,Los Angeles Lakers - Detroit Pistons,False
234,234,Basketball,2022-11-19,124 - 122,Atlanta Hawks - Toronto Raptors,False
235,235,Basketball,2022-11-19,114 - 113,Indiana Pacers - Orlando Magic,False
236,236,Basketball,2022-11-19,109 - 112,Philadelphia 76ers - Minnesota Timberwolves,False
237,237,Basketball,2022-11-19,113 - 118,Portland Trail Blazers - Utah Jazz,False
238,238,Basketball,2022-11-19,119 - 97,Los Angeles Clippers - San Antonio Spurs,False
239,239,Basketball,2022-11-20,116 - 95,Phoenix Suns - New York Knicks,False
240,240,Basketball,2022-11-20,137 - 129,Sacramento Kings - Detroit Pistons,False
241,241,Basketball,2022-11-20,106 - 102,Washington Wizards - Charlotte Hornets,False
242,242,Basketball,2022-11-20,127 - 115,Brooklyn Nets - Memphis Grizzlies,False
243,243,Basketball,2022-11-20,113 - 87,Cleveland Cavaliers - Miami Heat,False
244,244,Basketball,2022-11-20,120 - 127,Houston Rockets - Golden State Warriors,False
245,245,Basketball,2022-11-20,97 - 98,Dallas Mavericks - Denver Nuggets,False
246,246,Basketball,2022-11-20,123 - 92,Los Angeles Lakers - San Antonio Spurs,False
247,247,Basketball,2022-11-21,114 - 102,Cleveland Cavaliers - Atlanta Hawks,False
248,248,Basketball,2022-11-21,123 - 102,Indiana Pacers - Orlando Magic,False
249,249,Basketball,2022-11-21,121 - 107,Chicago Bulls - Boston Celtics,False
250,250,Basketball,2022-11-21,119 - 111,Milwaukee Bucks - Portland Trail Blazers,False
251,251,Basketball,2022-11-21,105 - 101,Minnesota Timberwolves - Miami Heat,False
252,252,Basketball,2022-11-21,128 - 83,New Orleans Pelicans - Golden State Warriors,False
253,253,Basketball,2022-11-21,119 - 129,Oklahoma City Thunder - New York Knicks,False
254,254,Basketball,2022-11-21,121 - 114,Los Angeles Clippers - Utah Jazz,False
255,255,Basketball,2022-11-22,115 - 106,Philadelphia 76ers - Brooklyn Nets,False
256,256,Basketball,2022-11-22,109 - 113,Memphis Grizzlies - Sacramento Kings,False
257,257,Basketball,2022-11-22,108 - 110,Denver Nuggets - Detroit Pistons,False
258,258,Basketball,2022-11-22,115 - 105,Phoenix Suns - Los Angeles Lakers,False
259,259,Basketball,2022-11-23,107 - 101,Charlotte Hornets - Philadelphia 76ers,False
260,260,Basketball,2022-11-23,114 - 96,Cleveland Cavaliers - Portland Trail Blazers,False
261,261,Basketball,2022-11-23,101 - 115,Indiana Pacers - Minnesota Timberwolves,False
262,262,Basketball,2022-11-23,115 - 106,Atlanta Hawks - Sacramento Kings,False
263,263,Basketball,2022-11-23,125 - 112,Boston Celtics - Dallas Mavericks,False
264,264,Basketball,2022-11-23,113 - 105,Miami Heat - Washington Wizards,False
265,265,Basketball,2022-11-23,98 - 112,Toronto Raptors - Brooklyn Nets,False
266,266,Basketball,2022-11-23,113 - 118,Milwaukee Bucks - Chicago Bulls,False
267,267,Basketball,2022-11-23,126 - 131,Oklahoma City Thunder - Denver Nuggets,False
268,268,Basketball,2022-11-23,110 - 129,San Antonio Spurs - New Orleans Pelicans,False
269,269,Basketball,2022-11-23,116 - 125,Utah Jazz - Detroit Pistons,False
270,270,Basketball,2022-11-23,124 - 107,Golden State Warriors - Los Angeles Clippers,False
271,271,Basketball,2022-11-25,110 - 108,Charlotte Hornets - Minnesota Timberwolves,False
272,272,Basketball,2022-11-25,99 - 107,Orlando Magic - Philadelphia 76ers,False
273,273,Basketball,2022-11-25,129 - 132,New York Knicks - Portland Trail Blazers,False
274,274,Basketball,2022-11-25,122 - 104,Boston Celtics - Sacramento Kings,False
275,275,Basketball,2022-11-25,128 - 122,Houston Rockets - Atlanta Hawks,False
276,276,Basketball,2022-11-25,128 - 117,Indiana Pacers - Brooklyn Nets,False
277,277,Basketball,2022-11-25,132 - 111,Memphis Grizzlies - New Orleans Pelicans,False
278,278,Basketball,2022-11-25,110 - 107,Miami Heat - Washington Wizards,False
279,279,Basketball,2022-11-25,117 - 102,Milwaukee Bucks - Cleveland Cavaliers,False
280,280,Basketball,2022-11-25,123 - 119,Oklahoma City Thunder - Chicago Bulls,False
281,281,Basketball,2022-11-25,94 - 105,San Antonio Spurs - Los Angeles Lakers,False
282,282,Basketball,2022-11-25,108 - 102,Phoenix Suns - Detroit Pistons,False
283,283,Basketball,2022-11-25,129 - 118,Golden State Warriors - Utah Jazz,False
284,284,Basketball,2022-11-25,104 - 114,Los Angeles Clippers - Denver Nuggets,False
285,285,Basketball,2022-11-26,105 - 100,Toronto Raptors - Dallas Mavericks,False
286,286,Basketball,2022-11-26,118 - 105,Houston Rockets - Oklahoma City Thunder,False
287,287,Basketball,2022-11-26,138 - 143,San Antonio Spurs - Los Angeles Lakers,False
288,288,Basketball,2022-11-26,113 - 112,Phoenix Suns - Utah Jazz,False
289,289,Basketball,2022-11-27,111 - 97,Brooklyn Nets - Portland Trail Blazers,False
290,290,Basketball,2022-11-27,114 - 137,Minnesota Timberwolves - Golden State Warriors,False
291,291,Basketball,2022-11-27,114 - 100,Los Angeles Clippers - Indiana Pacers,False
292,292,Basketball,2022-11-27,98 - 106,Atlanta Hawks - Miami Heat,False
293,293,Basketball,2022-11-27,130 - 121,Boston Celtics - Washington Wizards,False
294,294,Basketball,2022-11-27,94 - 102,Detroit Pistons - Cleveland Cavaliers,False
295,295,Basketball,2022-11-27,123 - 127,New York Knicks - Memphis Grizzlies,False
296,296,Basketball,2022-11-27,103 - 133,Orlando Magic - Philadelphia 76ers,False
297,297,Basketball,2022-11-27,124 - 115,Milwaukee Bucks - Dallas Mavericks,False
298,298,Basketball,2022-11-28,104 - 101,Philadelphia 76ers - Atlanta Hawks,False
299,299,Basketball,2022-11-28,142 - 127,Washington Wizards - Minnesota Timberwolves,False
300,300,Basketball,2022-11-28,140 - 105,Boston Celtics - Charlotte Hornets,False
301,301,Basketball,2022-11-28,109 - 102,Brooklyn Nets - Orlando Magic,False
302,302,Basketball,2022-11-28,100 - 88,Toronto Raptors - Cleveland Cavaliers,False
303,303,Basketball,2022-11-28,105 - 101,New Orleans Pelicans - Oklahoma City Thunder,False
304,304,Basketball,2022-11-28,129 - 113,Denver Nuggets - Houston Rockets,False
305,305,Basketball,2022-11-28,107 - 114,Utah Jazz - Chicago Bulls,False
306,306,Basketball,2022-11-28,117 - 122,Sacramento Kings - Phoenix Suns,False
307,307,Basketball,2022-11-28,115 - 116,Los Angeles Lakers - Indiana Pacers,False
308,308,Basketball,2022-11-29,110 - 140,Detroit Pistons - New York Knicks,False
309,309,Basketball,2022-11-29,116 - 113,Dallas Mavericks - Golden State Warriors,False
310,310,Basketball,2022-11-29,112 - 118,Portland Trail Blazers - Los Angeles Clippers,False
311,311,Basketball,2022-11-30,113 - 85,Cleveland Cavaliers - Philadelphia 76ers,False
312,312,Basketball,2022-11-30,108 - 125,Orlando Magic - Atlanta Hawks,False
313,313,Basketball,2022-11-30,134 - 121,Boston Celtics - Miami Heat,False
314,314,Basketball,2022-11-30,113 - 107,Brooklyn Nets - Washington Wizards,False
315,315,Basketball,2022-11-30,103 - 109,New York Knicks - Milwaukee Bucks,False
316,316,Basketball,2022-11-30,109 - 101,Minnesota Timberwolves - Memphis Grizzlies,False
317,317,Basketball,2022-11-30,126 - 108,New Orleans Pelicans - Toronto Raptors,False
318,318,Basketball,2022-11-30,119 - 111,Oklahoma City Thunder - San Antonio Spurs,False
319,319,Basketball,2022-11-30,120 - 100,Denver Nuggets - Houston Rockets,False
320,320,Basketball,2022-11-30,132 - 113,Phoenix Suns - Chicago Bulls,False
321,321,Basketball,2022-11-30,125 - 112,Utah Jazz - Los Angeles Clippers,False
322,322,Basketball,2022-11-30,137 - 114,Sacramento Kings - Indiana Pacers,False
323,323,Basketball,2022-11-30,128 - 109,Los Angeles Lakers - Portland Trail Blazers,False
324,324,Basketball,2022-12-01,131 - 125,Detroit Pistons - Dallas Mavericks,False
325,325,Basketball,2022-12-02,117 - 116,Charlotte Hornets - Washington Wizards,False
326,326,Basketball,2022-12-02,117 - 109,Atlanta Hawks - Denver Nuggets,False
327,327,Basketball,2022-12-02,116 - 120,Boston Celtics - Miami Heat,False
328,328,Basketball,2022-12-02,114 - 105,Brooklyn Nets - Toronto Raptors,False
329,329,Basketball,2022-12-02,107 - 96,Cleveland Cavaliers - Orlando Magic,False
330,330,Basketball,2022-12-02,129 - 133,Milwaukee Bucks - Los Angeles Lakers,False
331,331,Basketball,2022-12-02,117 - 109,Memphis Grizzlies - Philadelphia 76ers,False
332,332,Basketball,2022-12-02,99 - 117,San Antonio Spurs - New Orleans Pelicans,False
333,333,Basketball,2022-12-02,121 - 122,Phoenix Suns - Houston Rockets,False
334,334,Basketball,2022-12-02,139 - 119,Utah Jazz - Indiana Pacers,False
335,335,Basketball,2022-12-02,119 - 111,Golden State Warriors - Chicago Bulls,False
336,336,Basketball,2022-12-03,100 - 121,New York Knicks - Dallas Mavericks,False
337,337,Basketball,2022-12-03,96 - 123,Los Angeles Clippers - Sacramento Kings,False
338,338,Basketball,2022-12-03,96 - 105,Charlotte Hornets - Milwaukee Bucks,False
339,339,Basketball,2022-12-03,128 - 135,Minnesota Timberwolves - Oklahoma City Thunder,False
340,340,Basketball,2022-12-03,121 - 108,Toronto Raptors - Orlando Magic,False
341,341,Basketball,2022-12-03,120 - 101,Golden State Warriors - Houston Rockets,False
342,342,Basketball,2022-12-03,111 - 116,Utah Jazz - Portland Trail Blazers,False
343,343,Basketball,2022-12-04,121 - 106,New Orleans Pelicans - Denver Nuggets,False
344,344,Basketball,2022-12-04,95 - 133,San Antonio Spurs - Phoenix Suns,False
345,345,Basketball,2022-12-04,92 - 103,Brooklyn Nets - Boston Celtics,False
346,346,Basketball,2022-12-04,112 - 122,Detroit Pistons - Memphis Grizzlies,False
347,347,Basketball,2022-12-04,92 - 81,New York Knicks - Cleveland Cavaliers,False
348,348,Basketball,2022-12-04,110 - 101,Sacramento Kings - Chicago Bulls,False
349,349,Basketball,2022-12-04,119 - 130,Washington Wizards - Los Angeles Lakers,False
350,350,Basketball,2022-12-04,116 - 100,Portland Trail Blazers - Indiana Pacers,False
351,351,Basketball,2022-12-05,117 - 119,Charlotte Hornets - Los Angeles Clippers,False
352,352,Basketball,2022-12-05,102 - 109,Orlando Magic - Milwaukee Bucks,False
353,353,Basketball,2022-12-05,114 - 121,Atlanta Hawks - Oklahoma City Thunder,False
354,354,Basketball,2022-12-05,110 - 116,Toronto Raptors - Boston Celtics,False
355,355,Basketball,2022-12-05,132 - 123,Houston Rockets - Philadelphia 76ers,False
356,356,Basketball,2022-12-05,101 - 93,Memphis Grizzlies - Miami Heat,False
357,357,Basketball,2022-12-05,130 - 111,Dallas Mavericks - Phoenix Suns,False
358,358,Basketball,2022-12-05,104 - 112,Golden State Warriors - Indiana Pacers,False
359,359,Basketball,2022-12-06,116 - 102,Cleveland Cavaliers - Los Angeles Lakers,False
360,360,Basketball,2022-12-06,96 - 116,Miami Heat - Detroit Pistons,False
361,361,Basketball,2022-12-06,115 - 116,Denver Nuggets - Dallas Mavericks,False
362,362,Basketball,2022-12-07,116 - 111,Orlando Magic - Los Angeles Clippers,False
363,363,Basketball,2022-12-07,122 - 116,Brooklyn Nets - Charlotte Hornets,False
364,364,Basketball,2022-12-07,113 - 89,New York Knicks - Atlanta Hawks,False
365,365,Basketball,2022-12-07,126 - 113,Toronto Raptors - Los Angeles Lakers,False
366,366,Basketball,2022-12-07,115 - 111,Chicago Bulls - Washington Wizards,False
367,367,Basketball,2022-12-07,123 - 102,Memphis Grizzlies - Oklahoma City Thunder,False
368,368,Basketball,2022-12-07,126 - 113,Milwaukee Bucks - Sacramento Kings,False
369,369,Basketball,2022-12-07,121 - 115,Minnesota Timberwolves - Indiana Pacers,False
370,370,Basketball,2022-12-07,104 - 98,New Orleans Pelicans - Detroit Pistons,False
371,371,Basketball,2022-12-07,124 - 123,Utah Jazz - Golden State Warriors,False
372,372,Basketball,2022-12-07,98 - 125,Phoenix Suns - Boston Celtics,False
373,373,Basketball,2022-12-08,115 - 110,Miami Heat - Los Angeles Clippers,True
374,374,Basketball,2022-12-08,118 - 109,San Antonio Spurs - Houston Rockets,True
375,375,Basketball,2022-12-08,120 - 121,Portland Trail Blazers - Denver Nuggets,True
376,376,Basketball,2022-12-09,,Charlotte Hornets - New York Knicks,True
377,377,Basketball,2022-12-09,,Indiana Pacers - Washington Wizards,True
378,378,Basketball,2022-12-09,,Orlando Magic - Toronto Raptors,True
379,379,Basketball,2022-12-09,,Brooklyn Nets - Atlanta Hawks,True
380,380,Basketball,2022-12-09,,Cleveland Cavaliers - Sacramento Kings,True
381,381,Basketball,2022-12-09,,Philadelphia 76ers - Los Angeles Lakers,True
382,382,Basketball,2022-12-09,,Memphis Grizzlies - Detroit Pistons,True
383,383,Basketball,2022-12-09,,New Orleans Pelicans - Phoenix Suns,True
384,384,Basketball,2022-12-09,,Utah Jazz - Minnesota Timberwolves,True
385,385,Basketball,2022-12-09,,Dallas Mavericks - Milwaukee Bucks,True
386,386,Basketball,2022-12-10,,Miami Heat - San Antonio Spurs,True
387,387,Basketball,2022-12-10,,Indiana Pacers - Brooklyn Nets,True
388,388,Basketball,2022-12-10,,Washington Wizards - Los Angeles Clippers,True
389,389,Basketball,2022-12-10,,Cleveland Cavaliers - Oklahoma City Thunder,True
390,390,Basketball,2022-12-10,,Chicago Bulls - Dallas Mavericks,True
391,391,Basketball,2022-12-10,,Golden State Warriors - Boston Celtics,True
392,392,Basketball,2022-12-10,,Denver Nuggets - Utah Jazz,True
393,393,Basketball,2022-12-10,,Portland Trail Blazers - Minnesota Timberwolves,True
394,394,Basketball,2022-12-11,,New Orleans Pelicans - Phoenix Suns,True
395,395,Basketball,2022-12-11,,Detroit Pistons - Los Angeles Lakers,True
396,396,Basketball,2022-12-11,,New York Knicks - Sacramento Kings,True
397,397,Basketball,2022-12-11,,Orlando Magic - Toronto Raptors,True
398,398,Basketball,2022-12-11,,Philadelphia 76ers - Charlotte Hornets,True
399,399,Basketball,2022-12-11,,Atlanta Hawks - Chicago Bulls,True
400,400,Basketball,2022-12-11,,Houston Rockets - Milwaukee Bucks,True
401,401,Basketball,2022-12-12,,Indiana Pacers - Miami Heat,True
402,402,Basketball,2022-12-12,,Washington Wizards - Brooklyn Nets,True
403,403,Basketball,2022-12-12,,Memphis Grizzlies - Atlanta Hawks,True
404,404,Basketball,2022-12-12,,Dallas Mavericks - Oklahoma City Thunder,True
405,405,Basketball,2022-12-12,,San Antonio Spurs - Cleveland Cavaliers,True
406,406,Basketball,2022-12-12,,Portland Trail Blazers - Minnesota Timberwolves,True
407,407,Basketball,2022-12-12,,Los Angeles Clippers - Boston Celtics,True
408,408,Basketball,2022-12-13,,Philadelphia 76ers - Sacramento Kings,True
409,409,Basketball,2022-12-13,,Milwaukee Bucks - Golden State Warriors,True
410,410,Basketball,2022-12-13,,Houston Rockets - Phoenix Suns,True
411,411,Basketball,2022-12-13,,Utah Jazz - New Orleans Pelicans,True
412,412,Basketball,2022-12-13,,Los Angeles Lakers - Boston Celtics,True
413,413,Basketball,2022-12-14,,Charlotte Hornets - Detroit Pistons,True
414,414,Basketball,2022-12-14,,Indiana Pacers - Golden State Warriors,True
415,415,Basketball,2022-12-14,,Orlando Magic - Atlanta Hawks,True
416,416,Basketball,2022-12-14,,Chicago Bulls - New York Knicks,True
417,417,Basketball,2022-12-14,,Toronto Raptors - Sacramento Kings,True
418,418,Basketball,2022-12-14,,Oklahoma City Thunder - Miami Heat,True
419,419,Basketball,2022-12-14,,San Antonio Spurs - Portland Trail Blazers,True
420,420,Basketball,2022-12-14,,Dallas Mavericks - Cleveland Cavaliers,True
421,421,Basketball,2022-12-14,,Denver Nuggets - Washington Wizards,True
422,422,Basketball,2022-12-14,,Los Angeles Clippers - Minnesota Timberwolves,True
423,423,Basketball,2022-12-15,,Houston Rockets - Miami Heat,True
424,424,Basketball,2022-12-15,,Memphis Grizzlies - Milwaukee Bucks,True
425,425,Basketball,2022-12-15,,Utah Jazz - New Orleans Pelicans,True
426,426,Basketball,2022-12-15,,Los Angeles Clippers - Phoenix Suns,True
427,427,Basketball,2022-12-16,,Charlotte Hornets - Atlanta Hawks,True
428,428,Basketball,2022-12-16,,Detroit Pistons - Sacramento Kings,True
429,429,Basketball,2022-12-16,,Boston Celtics - Orlando Magic,True
430,430,Basketball,2022-12-16,,Cleveland Cavaliers - Indiana Pacers,True
431,431,Basketball,2022-12-16,,Philadelphia 76ers - Golden State Warriors,True
432,432,Basketball,2022-12-16,,Toronto Raptors - Brooklyn Nets,True
433,433,Basketball,2022-12-16,,Chicago Bulls - New York Knicks,True
434,434,Basketball,2022-12-16,,Oklahoma City Thunder - Minnesota Timberwolves,True
435,435,Basketball,2022-12-16,,Dallas Mavericks - Portland Trail Blazers,True
436,436,Basketball,2022-12-16,,Los Angeles Lakers - Denver Nuggets,True
437,437,Basketball,2022-12-17,,Los Angeles Clippers - Washington Wizards,True
438,438,Basketball,2022-12-17,,San Antonio Spurs - Miami Heat,True
439,439,Basketball,2022-12-17,,Cleveland Cavaliers - Dallas Mavericks,True
440,440,Basketball,2022-12-17,,Houston Rockets - Portland Trail Blazers,True
441,441,Basketball,2022-12-17,,Milwaukee Bucks - Utah Jazz,True
442,442,Basketball,2022-12-17,,Oklahoma City Thunder - Memphis Grizzlies,True
443,443,Basketball,2022-12-17,,Phoenix Suns - New Orleans Pelicans,True
444,444,Basketball,2022-12-18,,Boston Celtics - Orlando Magic,True
445,445,Basketball,2022-12-18,,Indiana Pacers - New York Knicks,True
446,446,Basketball,2022-12-18,,Detroit Pistons - Brooklyn Nets,True
447,447,Basketball,2022-12-18,,Toronto Raptors - Golden State Warriors,True
448,448,Basketball,2022-12-18,,Minnesota Timberwolves - Chicago Bulls,True
449,449,Basketball,2022-12-18,,Denver Nuggets - Charlotte Hornets,True
450,450,Basketball,2022-12-18,,Los Angeles Lakers - Washington Wizards,True
451,451,Basketball,2022-12-19,,Cleveland Cavaliers - Utah Jazz,True
452,452,Basketball,2022-12-19,,Philadelphia 76ers - Toronto Raptors,True
453,453,Basketball,2022-12-19,,Atlanta Hawks - Orlando Magic,True
454,454,Basketball,2022-12-19,,Houston Rockets - San Antonio Spurs,True
455,455,Basketball,2022-12-19,,Minnesota Timberwolves - Dallas Mavericks,True
456,456,Basketball,2022-12-19,,New Orleans Pelicans - Milwaukee Bucks,True
457,457,Basketball,2022-12-19,,Oklahoma City Thunder - Portland Trail Blazers,True
458,458,Basketball,2022-12-19,,Phoenix Suns - Los Angeles Lakers,True
459,459,Basketball,2022-12-19,,Sacramento Kings - Charlotte Hornets,True
460,460,Basketball,2022-12-20,,Detroit Pistons - Utah Jazz,True
461,461,Basketball,2022-12-20,,Miami Heat - Chicago Bulls,True
462,462,Basketball,2022-12-20,,New York Knicks - Golden State Warriors,True
463,463,Basketball,2022-12-20,,Phoenix Suns - Washington Wizards,True
464,464,Basketball,2022-12-20,,Denver Nuggets - Memphis Grizzlies,True
465,465,Basketball,2022-12-21,,Cleveland Cavaliers - Milwaukee Bucks,True
466,466,Basketball,2022-12-21,,Philadelphia 76ers - Detroit Pistons,True
467,467,Basketball,2022-12-21,,Atlanta Hawks - Chicago Bulls,True
468,468,Basketball,2022-12-21,,Boston Celtics - Indiana Pacers,True
469,469,Basketball,2022-12-21,,Brooklyn Nets - Golden State Warriors,True
470,470,Basketball,2022-12-21,,New York Knicks - Toronto Raptors,True
471,471,Basketball,2022-12-21,,Houston Rockets - Orlando Magic,True
472,472,Basketball,2022-12-21,,Minnesota Timberwolves - Dallas Mavericks,True
473,473,Basketball,2022-12-21,,Oklahoma City Thunder - Portland Trail Blazers,True
474,474,Basketball,2022-12-21,,Sacramento Kings - Los Angeles Lakers,True
475,475,Basketball,2022-12-21,,Los Angeles Clippers - Charlotte Hornets,True
476,476,Basketball,2022-12-22,,New Orleans Pelicans - San Antonio Spurs,True
477,477,Basketball,2022-12-22,,Utah Jazz - Washington Wizards,True
478,478,Basketball,2022-12-23,,Orlando Magic - San Antonio Spurs,True
479,479,Basketball,2022-12-23,,Philadelphia 76ers - Los Angeles Clippers,True
480,480,Basketball,2022-12-23,,Atlanta Hawks - Detroit Pistons,True
481,481,Basketball,2022-12-23,,Boston Celtics - Minnesota Timberwolves,True
482,482,Basketball,2022-12-23,,Brooklyn Nets - Milwaukee Bucks,True
483,483,Basketball,2022-12-23,,Cleveland Cavaliers - Toronto Raptors,True
484,484,Basketball,2022-12-23,,New York Knicks - Chicago Bulls,True
485,485,Basketball,2022-12-23,,Houston Rockets - Dallas Mavericks,True
486,486,Basketball,2022-12-23,,Miami Heat - Indiana Pacers,True
487,487,Basketball,2022-12-23,,Oklahoma City Thunder - New Orleans Pelicans,True
488,488,Basketball,2022-12-23,,Denver Nuggets - Portland Trail Blazers,True
489,489,Basketball,2022-12-23,,Phoenix Suns - Memphis Grizzlies,True
490,490,Basketball,2022-12-23,,Sacramento Kings - Washington Wizards,True
491,491,Basketball,2022-12-23,,Los Angeles Lakers - Charlotte Hornets,True
492,492,Basketball,2022-12-25,,New York Knicks - Philadelphia 76ers,True
493,493,Basketball,2022-12-25,,Dallas Mavericks - Los Angeles Lakers,True
494,494,Basketball,2022-12-25,,Boston Celtics - Milwaukee Bucks,True
495,495,Basketball,2022-12-25,,Golden State Warriors - Memphis Grizzlies,True
496,496,Basketball,2022-12-25,,Denver Nuggets - Phoenix Suns,True
497,497,Basketball,2022-12-26,,Cleveland Cavaliers - Brooklyn Nets,True
498,498,Basketball,2022-12-26,,Detroit Pistons - Los Angeles Clippers,True
499,499,Basketball,2022-12-26,,Miami Heat - Minnesota Timberwolves,True
500,500,Basketball,2022-12-26,,Chicago Bulls - Houston Rockets,True
501,501,Basketball,2022-12-26,,New Orleans Pelicans - Indiana Pacers,True
502,502,Basketball,2022-12-26,,San Antonio Spurs - Utah Jazz,True
503,503,Basketball,2022-12-26,,Portland Trail Blazers - Charlotte Hornets,True
504,504,Basketball,2022-12-27,,Orlando Magic - Los Angeles Lakers,True
505,505,Basketball,2022-12-27,,Washington Wizards - Philadelphia 76ers,True
506,506,Basketball,2022-12-27,,Boston Celtics - Houston Rockets,True
507,507,Basketball,2022-12-27,,Indiana Pacers - Atlanta Hawks,True
508,508,Basketball,2022-12-27,,Toronto Raptors - Los Angeles Clippers,True
509,509,Basketball,2022-12-27,,Memphis Grizzlies - Phoenix Suns,True
510,510,Basketball,2022-12-27,,Oklahoma City Thunder - San Antonio Spurs,True
511,511,Basketball,2022-12-27,,Dallas Mavericks - New York Knicks,True
512,512,Basketball,2022-12-27,,Golden State Warriors - Charlotte Hornets,True
513,513,Basketball,2022-12-27,,Sacramento Kings - Denver Nuggets,True
514,514,Basketball,2022-12-28,,Detroit Pistons - Orlando Magic,True
515,515,Basketball,2022-12-28,,Washington Wizards - Phoenix Suns,True
516,516,Basketball,2022-12-28,,Atlanta Hawks - Brooklyn Nets,True
517,517,Basketball,2022-12-28,,Miami Heat - Los Angeles Lakers,True
518,518,Basketball,2022-12-28,,Chicago Bulls - Milwaukee Bucks,True
519,519,Basketball,2022-12-28,,New Orleans Pelicans - Minnesota Timberwolves,True
520,520,Basketball,2022-12-28,,Golden State Warriors - Utah Jazz,True
521,521,Basketball,2022-12-28,,Sacramento Kings - Denver Nuggets,True
522,522,Basketball,2022-12-29,,Charlotte Hornets - Oklahoma City Thunder,True
523,523,Basketball,2022-12-29,,Indiana Pacers - Cleveland Cavaliers,True
524,524,Basketball,2022-12-29,,Boston Celtics - Los Angeles Clippers,True
525,525,Basketball,2022-12-29,,Toronto Raptors - Memphis Grizzlies,True
526,526,Basketball,2022-12-29,,San Antonio Spurs - New York Knicks,True
527,527,Basketball,2022-12-29,,Dallas Mavericks - Houston Rockets,True
528,528,Basketball,2022-12-30,,Orlando Magic - Washington Wizards,True
529,529,Basketball,2022-12-30,,Atlanta Hawks - Los Angeles Lakers,True
530,530,Basketball,2022-12-30,,Toronto Raptors - Phoenix Suns,True
531,531,Basketball,2022-12-30,,Chicago Bulls - Detroit Pistons,True
532,532,Basketball,2022-12-30,,Milwaukee Bucks - Minnesota Timberwolves,True
533,533,Basketball,2022-12-30,,New Orleans Pelicans - Philadelphia 76ers,True
534,534,Basketball,2022-12-30,,Denver Nuggets - Miami Heat,True
535,535,Basketball,2022-12-30,,Golden State Warriors - Portland Trail Blazers,True
536,536,Basketball,2022-12-30,,Sacramento Kings - Utah Jazz,True
537,537,Basketball,2022-12-31,,Indiana Pacers - Los Angeles Clippers,True
538,538,Basketball,2022-12-31,,Chicago Bulls - Cleveland Cavaliers,True
539,539,Basketball,2022-12-31,,Charlotte Hornets - Brooklyn Nets,True
540,540,Basketball,2022-12-31,,Houston Rockets - New York Knicks,True
541,541,Basketball,2022-12-31,,San Antonio Spurs - Dallas Mavericks,True
542,542,Basketball,2022-12-31,,Memphis Grizzlies - New Orleans Pelicans,True
543,543,Basketball,2022-12-31,,Minnesota Timberwolves - Detroit Pistons,True
544,544,Basketball,2022-12-31,,Oklahoma City Thunder - Philadelphia 76ers,True
545,545,Basketball,2022-12-31,,Utah Jazz - Miami Heat,True
546,546,Basketball,2023-01-01,,Denver Nuggets - Boston Celtics,True
547,547,Basketball,2023-01-01,,Memphis Grizzlies - Sacramento Kings,True
548,548,Basketball,2023-01-01,,Milwaukee Bucks - Washington Wizards,True
549,549,Basketball,2023-01-02,,New York Knicks - Phoenix Suns,True
550,550,Basketball,2023-01-02,,Charlotte Hornets - Los Angeles Lakers,True
551,551,Basketball,2023-01-02,,Cleveland Cavaliers - Chicago Bulls,True
552,552,Basketball,2023-01-02,,Indiana Pacers - Toronto Raptors,True
553,553,Basketball,2023-01-02,,Philadelphia 76ers - New Orleans Pelicans,True
554,554,Basketball,2023-01-02,,Brooklyn Nets - San Antonio Spurs,True
555,555,Basketball,2023-01-02,,Houston Rockets - Dallas Mavericks,True
556,556,Basketball,2023-01-02,,Minnesota Timberwolves - Denver Nuggets,True
557,557,Basketball,2023-01-02,,Golden State Warriors - Atlanta Hawks,True
558,558,Basketball,2023-01-02,,Portland Trail Blazers - Detroit Pistons,True
559,559,Basketball,2023-01-02,,Los Angeles Clippers - Miami Heat,True
560,560,Basketball,2023-01-03,,Milwaukee Bucks - Washington Wizards,True
561,561,Basketball,2023-01-03,,Oklahoma City Thunder - Boston Celtics,True
562,562,Basketball,2023-01-03,,Utah Jazz - Sacramento Kings,True
563,563,Basketball,2023-01-04,,Charlotte Hornets - Memphis Grizzlies,True
564,564,Basketball,2023-01-04,,Cleveland Cavaliers - Phoenix Suns,True
565,565,Basketball,2023-01-04,,Orlando Magic - Oklahoma City Thunder,True
566,566,Basketball,2023-01-04,,Philadelphia 76ers - Indiana Pacers,True
567,567,Basketball,2023-01-04,,New York Knicks - San Antonio Spurs,True
568,568,Basketball,2023-01-04,,Toronto Raptors - Milwaukee Bucks,True
569,569,Basketball,2023-01-04,,Chicago Bulls - Brooklyn Nets,True
570,570,Basketball,2023-01-04,,Minnesota Timberwolves - Portland Trail Blazers,True
571,571,Basketball,2023-01-04,,New Orleans Pelicans - Houston Rockets,True
572,572,Basketball,2023-01-04,,Golden State Warriors - Detroit Pistons,True
573,573,Basketball,2023-01-04,,Los Angeles Lakers - Miami Heat,True
574,574,Basketball,2023-01-04,,Sacramento Kings - Atlanta Hawks,True
575,575,Basketball,2023-01-05,,Orlando Magic - Memphis Grizzlies,True
576,576,Basketball,2023-01-05,,Dallas Mavericks - Boston Celtics,True
577,577,Basketball,2023-01-05,,Houston Rockets - Utah Jazz,True
578,578,Basketball,2023-01-05,,Denver Nuggets - Los Angeles Clippers,True
579,579,Basketball,2023-01-06,,Indiana Pacers - Portland Trail Blazers,True
580,580,Basketball,2023-01-06,,Philadelphia 76ers - Chicago Bulls,True
581,581,Basketball,2023-01-06,,Toronto Raptors - New York Knicks,True
582,582,Basketball,2023-01-06,,Milwaukee Bucks - Charlotte Hornets,True
583,583,Basketball,2023-01-06,,Oklahoma City Thunder - Washington Wizards,True
584,584,Basketball,2023-01-06,,San Antonio Spurs - Detroit Pistons,True
585,585,Basketball,2023-01-06,,New Orleans Pelicans - Brooklyn Nets,True
586,586,Basketball,2023-01-06,,Denver Nuggets - Cleveland Cavaliers,True
587,587,Basketball,2023-01-06,,Minnesota Timberwolves - Los Angeles Clippers,True
588,588,Basketball,2023-01-06,,Phoenix Suns - Miami Heat,True
589,589,Basketball,2023-01-06,,Los Angeles Lakers - Atlanta Hawks,True
590,590,Basketball,2023-01-07,,San Antonio Spurs - Boston Celtics,True
591,591,Basketball,2023-01-07,,Chicago Bulls - Utah Jazz,True
592,592,Basketball,2023-01-07,,Dallas Mavericks - New Orleans Pelicans,True
593,593,Basketball,2023-01-07,,Golden State Warriors - Orlando Magic,True
594,594,Basketball,2023-01-07,,Sacramento Kings - Los Angeles Lakers,True
595,595,Basketball,2023-01-08,,Detroit Pistons - Philadelphia 76ers,True
596,596,Basketball,2023-01-08,,Toronto Raptors - Portland Trail Blazers,True
597,597,Basketball,2023-01-08,,Indiana Pacers - Charlotte Hornets,True
598,598,Basketball,2023-01-08,,Memphis Grizzlies - Utah Jazz,True
599,599,Basketball,2023-01-08,,Miami Heat - Brooklyn Nets,True
600,600,Basketball,2023-01-08,,Houston Rockets - Minnesota Timberwolves,True
601,601,Basketball,2023-01-08,,Oklahoma City Thunder - Dallas Mavericks,True
602,602,Basketball,2023-01-08,,Phoenix Suns - Cleveland Cavaliers,True
603,603,Basketball,2023-01-08,,Los Angeles Clippers - Atlanta Hawks,True
604,604,Basketball,2023-01-09,,Washington Wizards - New Orleans Pelicans,True
605,605,Basketball,2023-01-09,,Boston Celtics - Chicago Bulls,True
606,606,Basketball,2023-01-09,,New York Knicks - Milwaukee Bucks,True
607,607,Basketball,2023-01-09,,Memphis Grizzlies - San Antonio Spurs,True
608,608,Basketball,2023-01-09,,Denver Nuggets - Los Angeles Lakers,True
609,609,Basketball,2023-01-09,,Sacramento Kings - Orlando Magic,True
610,610,Basketball,2023-01-10,,Miami Heat - Oklahoma City Thunder,True
611,611,Basketball,2023-01-10,,Philadelphia 76ers - Detroit Pistons,True
612,612,Basketball,2023-01-10,,Toronto Raptors - Charlotte Hornets,True
613,613,Basketball,2023-01-10,,Utah Jazz - Cleveland Cavaliers,True
614,614,Basketball,2023-01-10,,Golden State Warriors - Phoenix Suns,True
615,615,Basketball,2023-01-10,,Portland Trail Blazers - Orlando Magic,True
616,616,Basketball,2023-01-10,,Los Angeles Clippers - Dallas Mavericks,True
617,617,Basketball,2023-01-11,,Detroit Pistons - Minnesota Timberwolves,True
618,618,Basketball,2023-01-11,,Washington Wizards - Chicago Bulls,True
619,619,Basketball,2023-01-11,,Atlanta Hawks - Milwaukee Bucks,True
620,620,Basketball,2023-01-11,,Boston Celtics - New Orleans Pelicans,True
621,621,Basketball,2023-01-11,,New York Knicks - Indiana Pacers,True
622,622,Basketball,2023-01-11,,Memphis Grizzlies - San Antonio Spurs,True
623,623,Basketball,2023-01-11,,Denver Nuggets - Phoenix Suns,True
624,624,Basketball,2023-01-11,,Sacramento Kings - Houston Rockets,True
625,625,Basketball,2023-01-12,,Philadelphia 76ers - Oklahoma City Thunder,True
626,626,Basketball,2023-01-12,,Brooklyn Nets - Boston Celtics,True
627,627,Basketball,2023-01-12,,Miami Heat - Milwaukee Bucks,True
628,628,Basketball,2023-01-12,,Toronto Raptors - Charlotte Hornets,True
629,629,Basketball,2023-01-12,,Los Angeles Lakers - Dallas Mavericks,True
630,630,Basketball,2023-01-12,,Portland Trail Blazers - Cleveland Cavaliers,True
631,631,Basketball,2023-01-13,,Detroit Pistons - New Orleans Pelicans,True
632,632,Basketball,2023-01-13,,Indiana Pacers - Atlanta Hawks,True
633,633,Basketball,2023-01-13,,Washington Wizards - New York Knicks,True
634,634,Basketball,2023-01-13,,San Antonio Spurs - Golden State Warriors,True
635,635,Basketball,2023-01-13,,Chicago Bulls - Oklahoma City Thunder,True
636,636,Basketball,2023-01-13,,Minnesota Timberwolves - Phoenix Suns,True
637,637,Basketball,2023-01-13,,Utah Jazz - Orlando Magic,True
638,638,Basketball,2023-01-13,,Los Angeles Clippers - Denver Nuggets,True
639,639,Basketball,2023-01-13,,Sacramento Kings - Houston Rockets,True
640,640,Basketball,2023-01-14,,Miami Heat - Milwaukee Bucks,True
641,641,Basketball,2023-01-14,,Charlotte Hornets - Boston Celtics,True
642,642,Basketball,2023-01-14,,Indiana Pacers - Memphis Grizzlies,True
643,643,Basketball,2023-01-14,,Toronto Raptors - Atlanta Hawks,True
644,644,Basketball,2023-01-14,,Minnesota Timberwolves - Cleveland Cavaliers,True
645,645,Basketball,2023-01-14,,Utah Jazz - Philadelphia 76ers,True
646,646,Basketball,2023-01-14,,Portland Trail Blazers - Dallas Mavericks,True
647,647,Basketball,2023-01-15,,Detroit Pistons - New York Knicks,True
648,648,Basketball,2023-01-15,,Los Angeles Clippers - Houston Rockets,True
649,649,Basketball,2023-01-15,,Chicago Bulls - Golden State Warriors,True
650,650,Basketball,2023-01-15,,Brooklyn Nets - Oklahoma City Thunder,True
651,651,Basketball,2023-01-15,,San Antonio Spurs - Sacramento Kings,True
652,652,Basketball,2023-01-15,,Denver Nuggets - Orlando Magic,True
653,653,Basketball,2023-01-15,,Portland Trail Blazers - Dallas Mavericks,True
654,654,Basketball,2023-01-15,,Los Angeles Lakers - Philadelphia 76ers,True
655,655,Basketball,2023-01-16,,Charlotte Hornets - Boston Celtics,True
656,656,Basketball,2023-01-16,,Milwaukee Bucks - Indiana Pacers,True
657,657,Basketball,2023-01-16,,Cleveland Cavaliers - New Orleans Pelicans,True
658,658,Basketball,2023-01-16,,New York Knicks - Toronto Raptors,True
659,659,Basketball,2023-01-16,,Washington Wizards - Golden State Warriors,True
660,660,Basketball,2023-01-16,,Atlanta Hawks - Miami Heat,True
661,661,Basketball,2023-01-16,,Minnesota Timberwolves - Utah Jazz,True
662,662,Basketball,2023-01-16,,Memphis Grizzlies - Phoenix Suns,True
663,663,Basketball,2023-01-16,,Los Angeles Lakers - Houston Rockets,True
664,664,Basketball,2023-01-17,,Milwaukee Bucks - Toronto Raptors,True
665,665,Basketball,2023-01-17,,San Antonio Spurs - Brooklyn Nets,True
666,666,Basketball,2023-01-17,,Denver Nuggets - Portland Trail Blazers,True
667,667,Basketball,2023-01-17,,Los Angeles Clippers - Philadelphia 76ers,True
668,668,Basketball,2023-01-18,,Dallas Mavericks - Atlanta Hawks,True
669,669,Basketball,2023-01-18,,New York Knicks - Washington Wizards,True
670,670,Basketball,2023-01-18,,Houston Rockets - Charlotte Hornets,True
671,671,Basketball,2023-01-18,,Memphis Grizzlies - Cleveland Cavaliers,True
672,672,Basketball,2023-01-18,,New Orleans Pelicans - Miami Heat,True
673,673,Basketball,2023-01-18,,Oklahoma City Thunder - Indiana Pacers,True
674,674,Basketball,2023-01-18,,Utah Jazz - Los Angeles Clippers,True
675,675,Basketball,2023-01-18,,Denver Nuggets - Minnesota Timberwolves,True
676,676,Basketball,2023-01-18,,Los Angeles Lakers - Sacramento Kings,True
677,677,Basketball,2023-01-19,,Detroit Pistons - Chicago Bulls,True
678,678,Basketball,2023-01-19,,Boston Celtics - Golden State Warriors,True
679,679,Basketball,2023-01-19,,Minnesota Timberwolves - Toronto Raptors,True
680,680,Basketball,2023-01-19,,Phoenix Suns - Brooklyn Nets,True
681,681,Basketball,2023-01-19,,Portland Trail Blazers - Philadelphia 76ers,True
682,682,Basketball,2023-01-20,,Orlando Magic - New Orleans Pelicans,True
683,683,Basketball,2023-01-20,,Atlanta Hawks - New York Knicks,True
684,684,Basketball,2023-01-20,,Cleveland Cavaliers - Golden State Warriors,True
685,685,Basketball,2023-01-20,,Dallas Mavericks - Miami Heat,True
686,686,Basketball,2023-01-20,,San Antonio Spurs - Los Angeles Clippers,True
687,687,Basketball,2023-01-20,,Denver Nuggets - Indiana Pacers,True
688,688,Basketball,2023-01-20,,Utah Jazz - Brooklyn Nets,True
689,689,Basketball,2023-01-20,,Los Angeles Lakers - Memphis Grizzlies,True
690,690,Basketball,2023-01-20,,Sacramento Kings - Oklahoma City Thunder,True
691,691,Basketball,2023-01-21,,Toronto Raptors - Boston Celtics,True
692,692,Basketball,2023-01-21,,Washington Wizards - Orlando Magic,True
693,693,Basketball,2023-01-21,,Atlanta Hawks - Charlotte Hornets,True
694,694,Basketball,2023-01-21,,Cleveland Cavaliers - Milwaukee Bucks,True
695,695,Basketball,2023-01-21,,Minnesota Timberwolves - Houston Rockets,True
696,696,Basketball,2023-01-21,,Phoenix Suns - Indiana Pacers,True
697,697,Basketball,2023-01-21,,Sacramento Kings - Philadelphia 76ers,True
698,698,Basketball,2023-01-22,,Miami Heat - New Orleans Pelicans,True
699,699,Basketball,2023-01-22,,Toronto Raptors - New York Knicks,True
700,700,Basketball,2023-01-22,,Dallas Mavericks - Los Angeles Clippers,True
701,701,Basketball,2023-01-22,,Denver Nuggets - Oklahoma City Thunder,True
702,702,Basketball,2023-01-22,,Phoenix Suns - Memphis Grizzlies,True
703,703,Basketball,2023-01-22,,Golden State Warriors - Brooklyn Nets,True
704,704,Basketball,2023-01-22,,Portland Trail Blazers - Los Angeles Lakers,True
705,705,Basketball,2023-01-23,,Detroit Pistons - Milwaukee Bucks,True
706,706,Basketball,2023-01-23,,Orlando Magic - Boston Celtics,True
707,707,Basketball,2023-01-23,,Chicago Bulls - Atlanta Hawks,True
708,708,Basketball,2023-01-23,,Houston Rockets - Minnesota Timberwolves,True
709,709,Basketball,2023-01-23,,Utah Jazz - Charlotte Hornets,True
710,710,Basketball,2023-01-23,,Portland Trail Blazers - San Antonio Spurs,True
711,711,Basketball,2023-01-23,,Sacramento Kings - Memphis Grizzlies,True
712,712,Basketball,2023-01-24,,Indiana Pacers - Chicago Bulls,True
713,713,Basketball,2023-01-24,,Miami Heat - Boston Celtics,True
714,714,Basketball,2023-01-24,,New York Knicks - Cleveland Cavaliers,True
715,715,Basketball,2023-01-24,,New Orleans Pelicans - Denver Nuggets,True
716,716,Basketball,2023-01-24,,Dallas Mavericks - Washington Wizards,True
717,717,Basketball,2023-01-24,,Phoenix Suns - Charlotte Hornets,True
718,718,Basketball,2023-01-24,,Los Angeles Lakers - Los Angeles Clippers,True
719,719,Basketball,2023-01-25,,Orlando Magic - Indiana Pacers,True
720,720,Basketball,2023-01-25,,Philadelphia 76ers - Brooklyn Nets,True
721,721,Basketball,2023-01-25,,Houston Rockets - Washington Wizards,True
722,722,Basketball,2023-01-25,,Milwaukee Bucks - Denver Nuggets,True
723,723,Basketball,2023-01-25,,New Orleans Pelicans - Minnesota Timberwolves,True
724,724,Basketball,2023-01-25,,Oklahoma City Thunder - Atlanta Hawks,True
725,725,Basketball,2023-01-25,,Golden State Warriors - Memphis Grizzlies,True
726,726,Basketball,2023-01-25,,Portland Trail Blazers - Utah Jazz,True
727,727,Basketball,2023-01-25,,Sacramento Kings - Toronto Raptors,True
728,728,Basketball,2023-01-25,,Los Angeles Lakers - San Antonio Spurs,True
729,729,Basketball,2023-01-26,,Boston Celtics - New York Knicks,True
730,730,Basketball,2023-01-26,,Brooklyn Nets - Detroit Pistons,True
731,731,Basketball,2023-01-26,,Charlotte Hornets - Chicago Bulls,True
732,732,Basketball,2023-01-26,,Houston Rockets - Cleveland Cavaliers,True
733,733,Basketball,2023-01-26,,Phoenix Suns - Dallas Mavericks,True
734,734,Basketball,2023-01-26,,Los Angeles Clippers - San Antonio Spurs,True
735,735,Basketball,2023-01-27,,Indiana Pacers - Milwaukee Bucks,True
736,736,Basketball,2023-01-27,,Minnesota Timberwolves - Memphis Grizzlies,True
737,737,Basketball,2023-01-27,,Miami Heat - Orlando Magic,True
738,738,Basketball,2023-01-27,,Oklahoma City Thunder - Cleveland Cavaliers,True
739,739,Basketball,2023-01-27,,Golden State Warriors - Toronto Raptors,True
740,740,Basketball,2023-01-28,,Philadelphia 76ers - Denver Nuggets,True
741,741,Basketball,2023-01-28,,Brooklyn Nets - New York Knicks,True
742,742,Basketball,2023-01-28,,Detroit Pistons - Houston Rockets,True
743,743,Basketball,2023-01-28,,Orlando Magic - Chicago Bulls,True
744,744,Basketball,2023-01-28,,Atlanta Hawks - Los Angeles Clippers,True
745,745,Basketball,2023-01-28,,Minnesota Timberwolves - Sacramento Kings,True
746,746,Basketball,2023-01-28,,New Orleans Pelicans - Washington Wizards,True
747,747,Basketball,2023-01-28,,San Antonio Spurs - Phoenix Suns,True
748,748,Basketball,2023-01-28,,Boston Celtics - Los Angeles Lakers,True
749,749,Basketball,2023-01-28,,Utah Jazz - Dallas Mavericks,True
750,750,Basketball,2023-01-28,,Portland Trail Blazers - Toronto Raptors,True
751,751,Basketball,2023-01-29,,Charlotte Hornets - Miami Heat,True
752,752,Basketball,2023-01-29,,Memphis Grizzlies - Indiana Pacers,True
753,753,Basketball,2023-01-29,,Cleveland Cavaliers - Los Angeles Clippers,True
754,754,Basketball,2023-01-29,,Milwaukee Bucks - New Orleans Pelicans,True
755,755,Basketball,2023-01-30,,Philadelphia 76ers - Orlando Magic,True
756,756,Basketball,2023-01-30,,Brooklyn Nets - Los Angeles Lakers,True
757,757,Basketball,2023-01-30,,Minnesota Timberwolves - Sacramento Kings,True
758,758,Basketball,2023-01-30,,Oklahoma City Thunder - Golden State Warriors,True
759,759,Basketball,2023-01-30,,San Antonio Spurs - Washington Wizards,True
760,760,Basketball,2023-01-30,,Dallas Mavericks - Detroit Pistons,True
761,761,Basketball,2023-01-30,,Phoenix Suns - Toronto Raptors,True
762,762,Basketball,2023-01-30,,Portland Trail Blazers - Atlanta Hawks,True
763,763,Basketball,2023-01-31,,Cleveland Cavaliers - Miami Heat,True
764,764,Basketball,2023-01-31,,New York Knicks - Los Angeles Lakers,True
765,765,Basketball,2023-01-31,,Chicago Bulls - Los Angeles Clippers,True
766,766,Basketball,2023-01-31,,Milwaukee Bucks - Charlotte Hornets,True
767,767,Basketball,2023-01-31,,Denver Nuggets - New Orleans Pelicans,True
768,768,Basketball,2023-02-01,,Detroit Pistons - Washington Wizards,True
769,769,Basketball,2023-02-01,,Memphis Grizzlies - Portland Trail Blazers,True
770,770,Basketball,2023-02-01,,Philadelphia 76ers - Orlando Magic,True
771,771,Basketball,2023-02-01,,Boston Celtics - Brooklyn Nets,True
772,772,Basketball,2023-02-01,,Houston Rockets - Oklahoma City Thunder,True
773,773,Basketball,2023-02-01,,Minnesota Timberwolves - Golden State Warriors,True
774,774,Basketball,2023-02-01,,San Antonio Spurs - Sacramento Kings,True
775,775,Basketball,2023-02-01,,Utah Jazz - Toronto Raptors,True
776,776,Basketball,2023-02-01,,Phoenix Suns - Atlanta Hawks,True
777,777,Basketball,2023-02-02,,Indiana Pacers - Los Angeles Lakers,True
778,778,Basketball,2023-02-02,,Cleveland Cavaliers - Memphis Grizzlies,True
779,779,Basketball,2023-02-02,,New York Knicks - Miami Heat,True
780,780,Basketball,2023-02-02,,Chicago Bulls - Charlotte Hornets,True
781,781,Basketball,2023-02-02,,Dallas Mavericks - New Orleans Pelicans,True
782,782,Basketball,2023-02-02,,Denver Nuggets - Golden State Warriors,True
783,783,Basketball,2023-02-02,,Milwaukee Bucks - Los Angeles Clippers,True
784,784,Basketball,2023-02-03,,Detroit Pistons - Charlotte Hornets,True
785,785,Basketball,2023-02-03,,Indiana Pacers - Sacramento Kings,True
786,786,Basketball,2023-02-03,,Washington Wizards - Portland Trail Blazers,True
787,787,Basketball,2023-02-03,,Boston Celtics - Phoenix Suns,True
788,788,Basketball,2023-02-03,,Houston Rockets - Toronto Raptors,True
789,789,Basketball,2023-02-03,,Minnesota Timberwolves - Orlando Magic,True
790,790,Basketball,2023-02-03,,San Antonio Spurs - Philadelphia 76ers,True
791,791,Basketball,2023-02-03,,Utah Jazz - Atlanta Hawks,True
792,792,Basketball,2023-02-04,,Brooklyn Nets - Washington Wizards,True
793,793,Basketball,2023-02-04,,Detroit Pistons - Phoenix Suns,True
794,794,Basketball,2023-02-04,,New York Knicks - Los Angeles Clippers,True
795,795,Basketball,2023-02-04,,Chicago Bulls - Portland Trail Blazers,True
796,796,Basketball,2023-02-04,,Milwaukee Bucks - Miami Heat,True
797,797,Basketball,2023-02-04,,New Orleans Pelicans - Los Angeles Lakers,True
798,798,Basketball,2023-02-04,,Oklahoma City Thunder - Houston Rockets,True
799,799,Basketball,2023-02-04,,Golden State Warriors - Dallas Mavericks,True
800,800,Basketball,2023-02-04,,Denver Nuggets - Atlanta Hawks,True
801,801,Basketball,2023-02-05,,Charlotte Hornets - Orlando Magic,True
802,802,Basketball,2023-02-05,,Indiana Pacers - Cleveland Cavaliers,True
803,803,Basketball,2023-02-05,,Memphis Grizzlies - Toronto Raptors,True
804,804,Basketball,2023-02-05,,New York Knicks - Philadelphia 76ers,True
805,805,Basketball,2023-02-05,,Minnesota Timberwolves - Denver Nuggets,True
806,806,Basketball,2023-02-05,,New Orleans Pelicans - Sacramento Kings,True
807,807,Basketball,2023-02-06,,Detroit Pistons - Boston Celtics,True
808,808,Basketball,2023-02-06,,Washington Wizards - Cleveland Cavaliers,True
809,809,Basketball,2023-02-06,,Brooklyn Nets - Los Angeles Clippers,True
810,810,Basketball,2023-02-06,,Chicago Bulls - San Antonio Spurs,True
811,811,Basketball,2023-02-06,,Houston Rockets - Sacramento Kings,True
812,812,Basketball,2023-02-06,,Utah Jazz - Dallas Mavericks,True
813,813,Basketball,2023-02-06,,Golden State Warriors - Oklahoma City Thunder,True
814,814,Basketball,2023-02-06,,Portland Trail Blazers - Milwaukee Bucks,True
815,815,Basketball,2023-02-07,,Orlando Magic - New York Knicks,True
816,816,Basketball,2023-02-07,,Brooklyn Nets - Phoenix Suns,True
817,817,Basketball,2023-02-07,,New Orleans Pelicans - Atlanta Hawks,True
818,818,Basketball,2023-02-07,,Memphis Grizzlies - Chicago Bulls,True
819,819,Basketball,2023-02-07,,Denver Nuggets - Minnesota Timberwolves,True
820,820,Basketball,2023-02-07,,Los Angeles Lakers - Oklahoma City Thunder,True
821,821,Basketball,2023-02-08,,Cleveland Cavaliers - Detroit Pistons,True
822,822,Basketball,2023-02-08,,Washington Wizards - Charlotte Hornets,True
823,823,Basketball,2023-02-08,,Boston Celtics - Philadelphia 76ers,True
824,824,Basketball,2023-02-08,,Miami Heat - Indiana Pacers,True
825,825,Basketball,2023-02-08,,Toronto Raptors - San Antonio Spurs,True
826,826,Basketball,2023-02-08,,Houston Rockets - Sacramento Kings,True
827,827,Basketball,2023-02-08,,Utah Jazz - Minnesota Timberwolves,True
828,828,Basketball,2023-02-08,,Los Angeles Clippers - Dallas Mavericks,True
829,829,Basketball,2023-02-08,,Portland Trail Blazers - Golden State Warriors,True
830,830,Basketball,2023-02-09,,Orlando Magic - Denver Nuggets,True
831,831,Basketball,2023-02-09,,Atlanta Hawks - Phoenix Suns,True
832,832,Basketball,2023-02-09,,Brooklyn Nets - Chicago Bulls,True
833,833,Basketball,2023-02-09,,Los Angeles Lakers - Milwaukee Bucks,True
834,834,Basketball,2023-02-10,,Detroit Pistons - San Antonio Spurs,True
835,835,Basketball,2023-02-10,,Indiana Pacers - Phoenix Suns,True
836,836,Basketball,2023-02-10,,Philadelphia 76ers - New York Knicks,True
837,837,Basketball,2023-02-10,,Boston Celtics - Charlotte Hornets,True
838,838,Basketball,2023-02-10,,Toronto Raptors - Utah Jazz,True
839,839,Basketball,2023-02-10,,Memphis Grizzlies - Minnesota Timberwolves,True
840,840,Basketball,2023-02-10,,Miami Heat - Houston Rockets,True
841,841,Basketball,2023-02-10,,New Orleans Pelicans - Cleveland Cavaliers,True
842,842,Basketball,2023-02-10,,Portland Trail Blazers - Oklahoma City Thunder,True
843,843,Basketball,2023-02-10,,Sacramento Kings - Dallas Mavericks,True
844,844,Basketball,2023-02-10,,Los Angeles Clippers - Milwaukee Bucks,True
845,845,Basketball,2023-02-11,,Brooklyn Nets - Philadelphia 76ers,True
846,846,Basketball,2023-02-11,,Charlotte Hornets - Denver Nuggets,True
847,847,Basketball,2023-02-11,,Orlando Magic - Miami Heat,True
848,848,Basketball,2023-02-11,,Washington Wizards - Indiana Pacers,True
849,849,Basketball,2023-02-11,,Atlanta Hawks - San Antonio Spurs,True
850,850,Basketball,2023-02-11,,New York Knicks - Utah Jazz,True
851,851,Basketball,2023-02-11,,Cleveland Cavaliers - Chicago Bulls,True
852,852,Basketball,2023-02-11,,Golden State Warriors - Los Angeles Lakers,True
853,853,Basketball,2023-02-11,,Sacramento Kings - Dallas Mavericks,True
854,854,Basketball,2023-02-12,,Boston Celtics - Memphis Grizzlies,True
855,855,Basketball,2023-02-12,,Toronto Raptors - Detroit Pistons,True
856,856,Basketball,2023-02-13,,Charlotte Hornets - Atlanta Hawks,True
857,857,Basketball,2023-02-13,,Cleveland Cavaliers - San Antonio Spurs,True
858,858,Basketball,2023-02-13,,Indiana Pacers - Utah Jazz,True
859,859,Basketball,2023-02-13,,Philadelphia 76ers - Houston Rockets,True
860,860,Basketball,2023-02-13,,Miami Heat - Denver Nuggets,True
861,861,Basketball,2023-02-13,,New York Knicks - Brooklyn Nets,True
862,862,Basketball,2023-02-13,,Chicago Bulls - Orlando Magic,True
863,863,Basketball,2023-02-13,,Oklahoma City Thunder - New Orleans Pelicans,True
864,864,Basketball,2023-02-13,,Dallas Mavericks - Minnesota Timberwolves,True
865,865,Basketball,2023-02-13,,Golden State Warriors - Washington Wizards,True
866,866,Basketball,2023-02-13,,Portland Trail Blazers - Los Angeles Lakers,True
867,867,Basketball,2023-02-14,,Milwaukee Bucks - Boston Celtics,True
868,868,Basketball,2023-02-14,,Toronto Raptors - Orlando Magic,True
869,869,Basketball,2023-02-14,,Phoenix Suns - Sacramento Kings,True
870,870,Basketball,2023-02-14,,Los Angeles Clippers - Golden State Warriors,True
871,871,Basketball,2023-02-14,,Portland Trail Blazers - Washington Wizards,True
872,872,Basketball,2023-02-15,,Charlotte Hornets - San Antonio Spurs,True
873,873,Basketball,2023-02-15,,Indiana Pacers - Chicago Bulls,True
874,874,Basketball,2023-02-15,,Philadelphia 76ers - Cleveland Cavaliers,True
875,875,Basketball,2023-02-15,,Atlanta Hawks - New York Knicks,True
876,876,Basketball,2023-02-15,,Boston Celtics - Detroit Pistons,True
877,877,Basketball,2023-02-15,,Brooklyn Nets - Miami Heat,True
878,878,Basketball,2023-02-15,,Memphis Grizzlies - Utah Jazz,True
879,879,Basketball,2023-02-15,,Oklahoma City Thunder - Houston Rockets,True
880,880,Basketball,2023-02-15,,Denver Nuggets - Dallas Mavericks,True
881,881,Basketball,2023-02-15,,Los Angeles Lakers - New Orleans Pelicans,True
882,882,Basketball,2023-02-16,,Chicago Bulls - Milwaukee Bucks,True
883,883,Basketball,2023-02-16,,Minnesota Timberwolves - Washington Wizards,True
884,884,Basketball,2023-02-16,,Phoenix Suns - Los Angeles Clippers,True
885,885,Basketball,2023-02-23,,Cleveland Cavaliers - Denver Nuggets,True
886,886,Basketball,2023-02-23,,Indiana Pacers - Boston Celtics,True
887,887,Basketball,2023-02-23,,Orlando Magic - Detroit Pistons,True
888,888,Basketball,2023-02-23,,Philadelphia 76ers - Memphis Grizzlies,True
889,889,Basketball,2023-02-23,,Toronto Raptors - New Orleans Pelicans,True
890,890,Basketball,2023-02-23,,Dallas Mavericks - San Antonio Spurs,True
891,891,Basketball,2023-02-23,,Utah Jazz - Oklahoma City Thunder,True
892,892,Basketball,2023-02-23,,Los Angeles Lakers - Golden State Warriors,True
893,893,Basketball,2023-02-23,,Sacramento Kings - Portland Trail Blazers,True
894,894,Basketball,2023-02-24,,Washington Wizards - New York Knicks,True
895,895,Basketball,2023-02-24,,Atlanta Hawks - Cleveland Cavaliers,True
896,896,Basketball,2023-02-24,,Milwaukee Bucks - Miami Heat,True
897,897,Basketball,2023-02-24,,Minnesota Timberwolves - Charlotte Hornets,True
898,898,Basketball,2023-02-24,,Phoenix Suns - Oklahoma City Thunder,True
899,899,Basketball,2023-02-24,,Chicago Bulls - Brooklyn Nets,True
900,900,Basketball,2023-02-24,,Golden State Warriors - Houston Rockets,True
901,901,Basketball,2023-02-24,,Los Angeles Clippers - Sacramento Kings,True
902,902,Basketball,2023-02-25,,Detroit Pistons - Toronto Raptors,True
903,903,Basketball,2023-02-25,,Charlotte Hornets - Miami Heat,True
904,904,Basketball,2023-02-25,,Orlando Magic - Indiana Pacers,True
905,905,Basketball,2023-02-25,,New York Knicks - New Orleans Pelicans,True
906,906,Basketball,2023-02-25,,Memphis Grizzlies - Denver Nuggets,True
907,907,Basketball,2023-02-25,,Philadelphia 76ers - Boston Celtics,True
908,908,Basketball,2023-02-25,,Utah Jazz - San Antonio Spurs,True
909,909,Basketball,2023-02-26,,Milwaukee Bucks - Phoenix Suns,True
910,910,Basketball,2023-02-26,,Atlanta Hawks - Brooklyn Nets,True
911,911,Basketball,2023-02-26,,Chicago Bulls - Washington Wizards,True
912,912,Basketball,2023-02-26,,Dallas Mavericks - Los Angeles Lakers,True
913,913,Basketball,2023-02-26,,Cleveland Cavaliers - Toronto Raptors,True
914,914,Basketball,2023-02-26,,Oklahoma City Thunder - Sacramento Kings,True
915,915,Basketball,2023-02-26,,Golden State Warriors - Minnesota Timberwolves,True
916,916,Basketball,2023-02-26,,Portland Trail Blazers - Houston Rockets,True
917,917,Basketball,2023-02-26,,Denver Nuggets - Los Angeles Clippers,True
918,918,Basketball,2023-02-27,,Charlotte Hornets - Detroit Pistons,True
919,919,Basketball,2023-02-27,,Philadelphia 76ers - Miami Heat,True
920,920,Basketball,2023-02-27,,New York Knicks - Boston Celtics,True
921,921,Basketball,2023-02-27,,New Orleans Pelicans - Orlando Magic,True
922,922,Basketball,2023-02-28,,Atlanta Hawks - Washington Wizards,True
923,923,Basketball,2023-02-28,,Brooklyn Nets - Milwaukee Bucks,True
924,924,Basketball,2023-02-28,,Toronto Raptors - Chicago Bulls,True
925,925,Basketball,2023-02-28,,Houston Rockets - Denver Nuggets,True
926,926,Basketball,2023-02-28,,Memphis Grizzlies - Los Angeles Lakers,True
927,927,Basketball,2023-02-28,,Oklahoma City Thunder - Sacramento Kings,True
928,928,Basketball,2023-02-28,,Dallas Mavericks - Indiana Pacers,True
929,929,Basketball,2023-02-28,,Utah Jazz - San Antonio Spurs,True
930,930,Basketball,2023-02-28,,Golden State Warriors - Portland Trail Blazers,True
931,931,Basketball,2023-02-28,,Los Angeles Clippers - Minnesota Timberwolves,True
932,932,Basketball,2023-03-01,,Charlotte Hornets - Phoenix Suns,True
933,933,Basketball,2023-03-01,,Detroit Pistons - Chicago Bulls,True
934,934,Basketball,2023-03-01,,Boston Celtics - Cleveland Cavaliers,True
935,935,Basketball,2023-03-01,,Miami Heat - Philadelphia 76ers,True
936,936,Basketball,2023-03-01,,New York Knicks - Brooklyn Nets,True
937,937,Basketball,2023-03-01,,Houston Rockets - Memphis Grizzlies,True
938,938,Basketball,2023-03-01,,Milwaukee Bucks - Orlando Magic,True
939,939,Basketball,2023-03-01,,Oklahoma City Thunder - Los Angeles Lakers,True
940,940,Basketball,2023-03-01,,Portland Trail Blazers - New Orleans Pelicans,True
941,941,Basketball,2023-03-02,,Washington Wizards - Toronto Raptors,True
942,942,Basketball,2023-03-02,,Dallas Mavericks - Philadelphia 76ers,True
943,943,Basketball,2023-03-02,,San Antonio Spurs - Indiana Pacers,True
944,944,Basketball,2023-03-02,,Golden State Warriors - Los Angeles Clippers,True
945,945,Basketball,2023-03-03,,Charlotte Hornets - Orlando Magic,True
946,946,Basketball,2023-03-03,,Atlanta Hawks - Portland Trail Blazers,True
947,947,Basketball,2023-03-03,,Boston Celtics - Brooklyn Nets,True
948,948,Basketball,2023-03-03,,Chicago Bulls - Phoenix Suns,True
949,949,Basketball,2023-03-03,,Miami Heat - New York Knicks,True
950,950,Basketball,2023-03-03,,Oklahoma City Thunder - Utah Jazz,True
951,951,Basketball,2023-03-03,,Denver Nuggets - Memphis Grizzlies,True
952,952,Basketball,2023-03-03,,Golden State Warriors - New Orleans Pelicans,True
953,953,Basketball,2023-03-03,,Sacramento Kings - Los Angeles Clippers,True
954,954,Basketball,2023-03-03,,Los Angeles Lakers - Minnesota Timberwolves,True
955,955,Basketball,2023-03-04,,Washington Wizards - Toronto Raptors,True
956,956,Basketball,2023-03-04,,Cleveland Cavaliers - Detroit Pistons,True
957,957,Basketball,2023-03-04,,Miami Heat - Atlanta Hawks,True
958,958,Basketball,2023-03-04,,San Antonio Spurs - Houston Rockets,True
959,959,Basketball,2023-03-04,,Milwaukee Bucks - Philadelphia 76ers,True
960,960,Basketball,2023-03-04,,Sacramento Kings - Minnesota Timberwolves,True
961,961,Basketball,2023-03-05,,Dallas Mavericks - Phoenix Suns,True
962,962,Basketball,2023-03-05,,Chicago Bulls - Indiana Pacers,True
963,963,Basketball,2023-03-05,,Los Angeles Lakers - Golden State Warriors,True
964,964,Basketball,2023-03-05,,Brooklyn Nets - Charlotte Hornets,True
965,965,Basketball,2023-03-05,,Orlando Magic - Portland Trail Blazers,True
966,966,Basketball,2023-03-05,,Houston Rockets - San Antonio Spurs,True
967,967,Basketball,2023-03-05,,Oklahoma City Thunder - Utah Jazz,True
968,968,Basketball,2023-03-05,,Boston Celtics - New York Knicks,True
969,969,Basketball,2023-03-05,,Los Angeles Clippers - Memphis Grizzlies,True
970,970,Basketball,2023-03-06,,Cleveland Cavaliers - Boston Celtics,True
971,971,Basketball,2023-03-06,,Indiana Pacers - Philadelphia 76ers,True
972,972,Basketball,2023-03-06,,Washington Wizards - Milwaukee Bucks,True
973,973,Basketball,2023-03-06,,Miami Heat - Atlanta Hawks,True
974,974,Basketball,2023-03-06,,Denver Nuggets - Toronto Raptors,True
975,975,Basketball,2023-03-06,,Sacramento Kings - New Orleans Pelicans,True
976,976,Basketball,2023-03-07,,Detroit Pistons - Portland Trail Blazers,True
977,977,Basketball,2023-03-07,,Orlando Magic - Milwaukee Bucks,True
978,978,Basketball,2023-03-07,,Minnesota Timberwolves - Philadelphia 76ers,True
979,979,Basketball,2023-03-07,,New York Knicks - Charlotte Hornets,True
980,980,Basketball,2023-03-07,,Houston Rockets - Brooklyn Nets,True
981,981,Basketball,2023-03-07,,Oklahoma City Thunder - Golden State Warriors,True
982,982,Basketball,2023-03-07,,Dallas Mavericks - Utah Jazz,True
983,983,Basketball,2023-03-07,,Los Angeles Lakers - Memphis Grizzlies,True
984,984,Basketball,2023-03-08,,Washington Wizards - Atlanta Hawks,True
985,985,Basketball,2023-03-08,,Boston Celtics - Portland Trail Blazers,True
986,986,Basketball,2023-03-08,,Miami Heat - Cleveland Cavaliers,True
987,987,Basketball,2023-03-08,,New Orleans Pelicans - Dallas Mavericks,True
988,988,Basketball,2023-03-08,,Denver Nuggets - Chicago Bulls,True
989,989,Basketball,2023-03-08,,Phoenix Suns - Oklahoma City Thunder,True
990,990,Basketball,2023-03-08,,Los Angeles Clippers - Toronto Raptors,True
991,991,Basketball,2023-03-09,,Detroit Pistons - Charlotte Hornets,True
992,992,Basketball,2023-03-09,,Indiana Pacers - Houston Rockets,True
993,993,Basketball,2023-03-09,,Orlando Magic - Utah Jazz,True
994,994,Basketball,2023-03-09,,Milwaukee Bucks - Brooklyn Nets,True
995,995,Basketball,2023-03-09,,Memphis Grizzlies - Golden State Warriors,True
996,996,Basketball,2023-03-09,,Sacramento Kings - New York Knicks,True
997,997,Basketball,2023-03-10,,Philadelphia 76ers - Portland Trail Blazers,True
998,998,Basketball,2023-03-10,,Washington Wizards - Atlanta Hawks,True
999,999,Basketball,2023-03-10,,Miami Heat - Cleveland Cavaliers,True
1000,1000,Basketball,2023-03-10,,Minnesota Timberwolves - Brooklyn Nets,True
1001,1001,Basketball,2023-03-10,,San Antonio Spurs - Denver Nuggets,True
1002,1002,Basketball,2023-03-10,,Los Angeles Lakers - Toronto Raptors,True
1003,1003,Basketball,2023-03-11,,Los Angeles Clippers - New York Knicks,True
1004,1004,Basketball,2023-03-11,,Charlotte Hornets - Utah Jazz,True
1005,1005,Basketball,2023-03-11,,Detroit Pistons - Indiana Pacers,True
1006,1006,Basketball,2023-03-11,,Orlando Magic - Miami Heat,True
1007,1007,Basketball,2023-03-11,,Atlanta Hawks - Boston Celtics,True
1008,1008,Basketball,2023-03-11,,Houston Rockets - Chicago Bulls,True
1009,1009,Basketball,2023-03-11,,Memphis Grizzlies - Dallas Mavericks,True
1010,1010,Basketball,2023-03-11,,Golden State Warriors - Milwaukee Bucks,True
1011,1011,Basketball,2023-03-11,,New Orleans Pelicans - Oklahoma City Thunder,True
1012,1012,Basketball,2023-03-11,,Phoenix Suns - Sacramento Kings,True
1013,1013,Basketball,2023-03-12,,Denver Nuggets - Brooklyn Nets,True
1014,1014,Basketball,2023-03-12,,Charlotte Hornets - Cleveland Cavaliers,True
1015,1015,Basketball,2023-03-12,,Philadelphia 76ers - Washington Wizards,True
1016,1016,Basketball,2023-03-12,,New Orleans Pelicans - Portland Trail Blazers,True
1017,1017,Basketball,2023-03-12,,San Antonio Spurs - Oklahoma City Thunder,True
1018,1018,Basketball,2023-03-12,,Los Angeles Lakers - New York Knicks,True
1019,1019,Basketball,2023-03-13,,Detroit Pistons - Indiana Pacers,True
1020,1020,Basketball,2023-03-13,,Atlanta Hawks - Minnesota Timberwolves,True
1021,1021,Basketball,2023-03-13,,Dallas Mavericks - Memphis Grizzlies,True
1022,1022,Basketball,2023-03-13,,Miami Heat - Utah Jazz,True
1023,1023,Basketball,2023-03-13,,Houston Rockets - Boston Celtics,True
1024,1024,Basketball,2023-03-13,,Golden State Warriors - Phoenix Suns,True
1025,1025,Basketball,2023-03-13,,Sacramento Kings - Milwaukee Bucks,True
1026,1026,Basketball,2023-03-14,,Charlotte Hornets - Cleveland Cavaliers,True
1027,1027,Basketball,2023-03-14,,Washington Wizards - Detroit Pistons,True
1028,1028,Basketball,2023-03-14,,Toronto Raptors - Denver Nuggets,True
1029,1029,Basketball,2023-03-14,,New Orleans Pelicans - Los Angeles Lakers,True
1030,1030,Basketball,2023-03-14,,Oklahoma City Thunder - Brooklyn Nets,True
1031,1031,Basketball,2023-03-14,,San Antonio Spurs - Orlando Magic,True
1032,1032,Basketball,2023-03-14,,Phoenix Suns - Milwaukee Bucks,True
1033,1033,Basketball,2023-03-14,,Portland Trail Blazers - New York Knicks,True
1034,1034,Basketball,2023-03-15,,Cleveland Cavaliers - Philadelphia 76ers,True
1035,1035,Basketball,2023-03-15,,Miami Heat - Memphis Grizzlies,True
1036,1036,Basketball,2023-03-15,,Chicago Bulls - Sacramento Kings,True
1037,1037,Basketball,2023-03-15,,Houston Rockets - Los Angeles Lakers,True
1038,1038,Basketball,2023-03-15,,Minnesota Timberwolves - Boston Celtics,True
1039,1039,Basketball,2023-03-15,,San Antonio Spurs - Dallas Mavericks,True
1040,1040,Basketball,2023-03-15,,Los Angeles Clippers - Golden State Warriors,True
1041,1041,Basketball,2023-03-16,,Detroit Pistons - Denver Nuggets,True
1042,1042,Basketball,2023-03-16,,Brooklyn Nets - Sacramento Kings,True
1043,1043,Basketball,2023-03-16,,Toronto Raptors - Oklahoma City Thunder,True
1044,1044,Basketball,2023-03-16,,Milwaukee Bucks - Indiana Pacers,True
1045,1045,Basketball,2023-03-16,,Phoenix Suns - Orlando Magic,True
1046,1046,Basketball,2023-03-17,,Charlotte Hornets - Philadelphia 76ers,True
1047,1047,Basketball,2023-03-17,,Atlanta Hawks - Golden State Warriors,True
1048,1048,Basketball,2023-03-17,,Cleveland Cavaliers - Washington Wizards,True
1049,1049,Basketball,2023-03-17,,Chicago Bulls - Minnesota Timberwolves,True
1050,1050,Basketball,2023-03-17,,Houston Rockets - New Orleans Pelicans,True
1051,1051,Basketball,2023-03-17,,San Antonio Spurs - Memphis Grizzlies,True
1052,1052,Basketball,2023-03-17,,Portland Trail Blazers - Boston Celtics,True
1053,1053,Basketball,2023-03-17,,Los Angeles Lakers - Dallas Mavericks,True
1054,1054,Basketball,2023-03-18,,New York Knicks - Denver Nuggets,True
1055,1055,Basketball,2023-03-18,,Los Angeles Clippers - Orlando Magic,True
1056,1056,Basketball,2023-03-18,,Indiana Pacers - Philadelphia 76ers,True
1057,1057,Basketball,2023-03-18,,Toronto Raptors - Minnesota Timberwolves,True
1058,1058,Basketball,2023-03-18,,Chicago Bulls - Miami Heat,True
1059,1059,Basketball,2023-03-18,,Memphis Grizzlies - Golden State Warriors,True
1060,1060,Basketball,2023-03-18,,Washington Wizards - Sacramento Kings,True
1061,1061,Basketball,2023-03-18,,Utah Jazz - Boston Celtics,True
1062,1062,Basketball,2023-03-19,,Brooklyn Nets - Denver Nuggets,True
1063,1063,Basketball,2023-03-19,,Oklahoma City Thunder - Phoenix Suns,True
1064,1064,Basketball,2023-03-19,,San Antonio Spurs - Atlanta Hawks,True
1065,1065,Basketball,2023-03-19,,Detroit Pistons - Miami Heat,True
1066,1066,Basketball,2023-03-19,,Houston Rockets - New Orleans Pelicans,True
1067,1067,Basketball,2023-03-19,,Milwaukee Bucks - Toronto Raptors,True
1068,1068,Basketball,2023-03-19,,Portland Trail Blazers - Los Angeles Clippers,True
1069,1069,Basketball,2023-03-19,,Los Angeles Lakers - Orlando Magic,True
1070,1070,Basketball,2023-03-20,,Charlotte Hornets - Indiana Pacers,True
1071,1071,Basketball,2023-03-20,,Philadelphia 76ers - Chicago Bulls,True
1072,1072,Basketball,2023-03-20,,New York Knicks - Minnesota Timberwolves,True
1073,1073,Basketball,2023-03-20,,Houston Rockets - Golden State Warriors,True
1074,1074,Basketball,2023-03-20,,Memphis Grizzlies - Dallas Mavericks,True
1075,1075,Basketball,2023-03-20,,Utah Jazz - Sacramento Kings,True
1076,1076,Basketball,2023-03-21,,Orlando Magic - Washington Wizards,True
1077,1077,Basketball,2023-03-21,,Atlanta Hawks - Detroit Pistons,True
1078,1078,Basketball,2023-03-21,,Brooklyn Nets - Cleveland Cavaliers,True
1079,1079,Basketball,2023-03-21,,New Orleans Pelicans - San Antonio Spurs,True
1080,1080,Basketball,2023-03-21,,Sacramento Kings - Boston Celtics,True
1081,1081,Basketball,2023-03-21,,Los Angeles Clippers - Oklahoma City Thunder,True
1082,1082,Basketball,2023-03-22,,Washington Wizards - Denver Nuggets,True
1083,1083,Basketball,2023-03-22,,Dallas Mavericks - Golden State Warriors,True
1084,1084,Basketball,2023-03-22,,Miami Heat - New York Knicks,True
1085,1085,Basketball,2023-03-22,,Toronto Raptors - Indiana Pacers,True
1086,1086,Basketball,2023-03-22,,Chicago Bulls - Philadelphia 76ers,True
1087,1087,Basketball,2023-03-22,,Memphis Grizzlies - Houston Rockets,True
1088,1088,Basketball,2023-03-22,,Milwaukee Bucks - San Antonio Spurs,True
1089,1089,Basketball,2023-03-22,,Minnesota Timberwolves - Atlanta Hawks,True
1090,1090,Basketball,2023-03-22,,Utah Jazz - Portland Trail Blazers,True
1091,1091,Basketball,2023-03-22,,Los Angeles Lakers - Phoenix Suns,True
1092,1092,Basketball,2023-03-23,,Orlando Magic - New York Knicks,True
1093,1093,Basketball,2023-03-23,,Brooklyn Nets - Cleveland Cavaliers,True
1094,1094,Basketball,2023-03-23,,New Orleans Pelicans - Charlotte Hornets,True
1095,1095,Basketball,2023-03-23,,Los Angeles Clippers - Oklahoma City Thunder,True
1096,1096,Basketball,2023-03-24,,Boston Celtics - Indiana Pacers,True
1097,1097,Basketball,2023-03-24,,Washington Wizards - San Antonio Spurs,True
1098,1098,Basketball,2023-03-24,,Toronto Raptors - Detroit Pistons,True
1099,1099,Basketball,2023-03-24,,Memphis Grizzlies - Houston Rockets,True
1100,1100,Basketball,2023-03-24,,Dallas Mavericks - Charlotte Hornets,True
1101,1101,Basketball,2023-03-24,,Utah Jazz - Milwaukee Bucks,True
1102,1102,Basketball,2023-03-24,,Golden State Warriors - Philadelphia 76ers,True
1103,1103,Basketball,2023-03-24,,Portland Trail Blazers - Chicago Bulls,True
1104,1104,Basketball,2023-03-24,,Sacramento Kings - Phoenix Suns,True
1105,1105,Basketball,2023-03-24,,Los Angeles Lakers - Oklahoma City Thunder,True
1106,1106,Basketball,2023-03-25,,Atlanta Hawks - Indiana Pacers,True
1107,1107,Basketball,2023-03-25,,Miami Heat - Brooklyn Nets,True
1108,1108,Basketball,2023-03-25,,Denver Nuggets - Milwaukee Bucks,True
1109,1109,Basketball,2023-03-25,,Phoenix Suns - Philadelphia 76ers,True
1110,1110,Basketball,2023-03-25,,Sacramento Kings - Utah Jazz,True
1111,1111,Basketball,2023-03-25,,Los Angeles Clippers - New Orleans Pelicans,True
1112,1112,Basketball,2023-03-26,,Charlotte Hornets - Dallas Mavericks,True
1113,1113,Basketball,2023-03-26,,Los Angeles Lakers - Chicago Bulls,True
1114,1114,Basketball,2023-03-26,,Atlanta Hawks - Memphis Grizzlies,True
1115,1115,Basketball,2023-03-26,,Boston Celtics - San Antonio Spurs,True
1116,1116,Basketball,2023-03-26,,Cleveland Cavaliers - Houston Rockets,True
1117,1117,Basketball,2023-03-26,,Orlando Magic - Brooklyn Nets,True
1118,1118,Basketball,2023-03-26,,Toronto Raptors - Washington Wizards,True
1119,1119,Basketball,2023-03-26,,Portland Trail Blazers - Oklahoma City Thunder,True
1120,1120,Basketball,2023-03-26,,Golden State Warriors - Minnesota Timberwolves,True
1121,1121,Basketball,2023-03-27,,Detroit Pistons - Milwaukee Bucks,True
1122,1122,Basketball,2023-03-27,,Indiana Pacers - Dallas Mavericks,True
1123,1123,Basketball,2023-03-27,,New York Knicks - Houston Rockets,True
1124,1124,Basketball,2023-03-27,,Utah Jazz - Phoenix Suns,True
1125,1125,Basketball,2023-03-27,,Denver Nuggets - Philadelphia 76ers,True
1126,1126,Basketball,2023-03-27,,Portland Trail Blazers - New Orleans Pelicans,True
1127,1127,Basketball,2023-03-27,,Sacramento Kings - Minnesota Timberwolves,True
1128,1128,Basketball,2023-03-27,,Los Angeles Clippers - Chicago Bulls,True
1129,1129,Basketball,2023-03-28,,Washington Wizards - Boston Celtics,True
1130,1130,Basketball,2023-03-28,,Atlanta Hawks - Cleveland Cavaliers,True
1131,1131,Basketball,2023-03-28,,Toronto Raptors - Miami Heat,True
1132,1132,Basketball,2023-03-28,,Memphis Grizzlies - Orlando Magic,True
1133,1133,Basketball,2023-03-28,,Oklahoma City Thunder - Charlotte Hornets,True
1134,1134,Basketball,2023-03-28,,Golden State Warriors - New Orleans Pelicans,True
1135,1135,Basketball,2023-03-29,,Indiana Pacers - Milwaukee Bucks,True
1136,1136,Basketball,2023-03-29,,Brooklyn Nets - Houston Rockets,True
1137,1137,Basketball,2023-03-29,,New York Knicks - Miami Heat,True
1138,1138,Basketball,2023-03-29,,Philadelphia 76ers - Dallas Mavericks,True
1139,1139,Basketball,2023-03-29,,Chicago Bulls - Los Angeles Lakers,True
1140,1140,Basketball,2023-03-29,,Memphis Grizzlies - Los Angeles Clippers,True
1141,1141,Basketball,2023-03-29,,Oklahoma City Thunder - Detroit Pistons,True
1142,1142,Basketball,2023-03-29,,San Antonio Spurs - Utah Jazz,True
1143,1143,Basketball,2023-03-29,,Phoenix Suns - Minnesota Timberwolves,True
1144,1144,Basketball,2023-03-29,,Portland Trail Blazers - Sacramento Kings,True
1145,1145,Basketball,2023-03-30,,Milwaukee Bucks - Boston Celtics,True
1146,1146,Basketball,2023-03-30,,Denver Nuggets - New Orleans Pelicans,True
1147,1147,Basketball,2023-03-31,,Charlotte Hornets - Chicago Bulls,True
1148,1148,Basketball,2023-03-31,,Indiana Pacers - Oklahoma City Thunder,True
1149,1149,Basketball,2023-03-31,,Philadelphia 76ers - Toronto Raptors,True
1150,1150,Basketball,2023-03-31,,Washington Wizards - Orlando Magic,True
1151,1151,Basketball,2023-03-31,,Boston Celtics - Utah Jazz,True
1152,1152,Basketball,2023-03-31,,Brooklyn Nets - Atlanta Hawks,True
1153,1153,Basketball,2023-03-31,,Cleveland Cavaliers - New York Knicks,True
1154,1154,Basketball,2023-03-31,,Houston Rockets - Detroit Pistons,True
1155,1155,Basketball,2023-03-31,,Memphis Grizzlies - Los Angeles Clippers,True
1156,1156,Basketball,2023-03-31,,Minnesota Timberwolves - Los Angeles Lakers,True
1157,1157,Basketball,2023-03-31,,Golden State Warriors - San Antonio Spurs,True
1158,1158,Basketball,2023-03-31,,Portland Trail Blazers - Sacramento Kings,True
1159,1159,Basketball,2023-03-31,,Phoenix Suns - Denver Nuggets,True
1160,1160,Basketball,2023-04-01,,Miami Heat - Dallas Mavericks,True
1161,1161,Basketball,2023-04-01,,New Orleans Pelicans - Los Angeles Clippers,True
1162,1162,Basketball,2023-04-02,,Charlotte Hornets - Toronto Raptors,True
1163,1163,Basketball,2023-04-02,,Brooklyn Nets - Utah Jazz,True
1164,1164,Basketball,2023-04-02,,Chicago Bulls - Memphis Grizzlies,True
1165,1165,Basketball,2023-04-02,,Minnesota Timberwolves - Portland Trail Blazers,True
1166,1166,Basketball,2023-04-02,,Atlanta Hawks - Dallas Mavericks,True
1167,1167,Basketball,2023-04-02,,Sacramento Kings - San Antonio Spurs,True
1168,1168,Basketball,2023-04-02,,Orlando Magic - Detroit Pistons,True
1169,1169,Basketball,2023-04-02,,New York Knicks - Washington Wizards,True
1170,1170,Basketball,2023-04-02,,Houston Rockets - Los Angeles Lakers,True
1171,1171,Basketball,2023-04-02,,Oklahoma City Thunder - Phoenix Suns,True
1172,1172,Basketball,2023-04-02,,Milwaukee Bucks - Philadelphia 76ers,True
1173,1173,Basketball,2023-04-02,,Cleveland Cavaliers - Indiana Pacers,True
1174,1174,Basketball,2023-04-02,,Denver Nuggets - Golden State Warriors,True
1175,1175,Basketball,2023-04-04,,Charlotte Hornets - Toronto Raptors,True
1176,1176,Basketball,2023-04-04,,Washington Wizards - Milwaukee Bucks,True
1177,1177,Basketball,2023-04-04,,Orlando Magic - Cleveland Cavaliers,True
1178,1178,Basketball,2023-04-04,,Detroit Pistons - Miami Heat,True
1179,1179,Basketball,2023-04-04,,Brooklyn Nets - Minnesota Timberwolves,True
1180,1180,Basketball,2023-04-04,,Houston Rockets - Denver Nuggets,True
1181,1181,Basketball,2023-04-04,,Memphis Grizzlies - Portland Trail Blazers,True
1182,1182,Basketball,2023-04-04,,New Orleans Pelicans - Sacramento Kings,True
1183,1183,Basketball,2023-04-04,,Philadelphia 76ers - Boston Celtics,True
1184,1184,Basketball,2023-04-04,,Chicago Bulls - Atlanta Hawks,True
1185,1185,Basketball,2023-04-04,,Utah Jazz - Los Angeles Lakers,True
1186,1186,Basketball,2023-04-04,,Golden State Warriors - Oklahoma City Thunder,True
1187,1187,Basketball,2023-04-04,,Phoenix Suns - San Antonio Spurs,True
1188,1188,Basketball,2023-04-05,,Detroit Pistons - Brooklyn Nets,True
1189,1189,Basketball,2023-04-05,,Indiana Pacers - New York Knicks,True
1190,1190,Basketball,2023-04-05,,Atlanta Hawks - Washington Wizards,True
1191,1191,Basketball,2023-04-05,,Boston Celtics - Toronto Raptors,True
1192,1192,Basketball,2023-04-05,,Milwaukee Bucks - Chicago Bulls,True
1193,1193,Basketball,2023-04-05,,New Orleans Pelicans - Memphis Grizzlies,True
1194,1194,Basketball,2023-04-05,,Dallas Mavericks - Sacramento Kings,True
1195,1195,Basketball,2023-04-05,,Los Angeles Clippers - Los Angeles Lakers,True
1196,1196,Basketball,2023-04-06,,Orlando Magic - Cleveland Cavaliers,True
1197,1197,Basketball,2023-04-06,,Philadelphia 76ers - Miami Heat,True
1198,1198,Basketball,2023-04-06,,San Antonio Spurs - Portland Trail Blazers,True
1199,1199,Basketball,2023-04-06,,Utah Jazz - Oklahoma City Thunder,True
1200,1200,Basketball,2023-04-06,,Phoenix Suns - Denver Nuggets,True
1201,1201,Basketball,2023-04-07,,Charlotte Hornets - Houston Rockets,True
1202,1202,Basketball,2023-04-07,,Washington Wizards - Miami Heat,True
1203,1203,Basketball,2023-04-07,,Indiana Pacers - Detroit Pistons,True
1204,1204,Basketball,2023-04-07,,Brooklyn Nets - Orlando Magic,True
1205,1205,Basketball,2023-04-07,,Boston Celtics - Toronto Raptors,True
1206,1206,Basketball,2023-04-07,,Atlanta Hawks - Philadelphia 76ers,True
1207,1207,Basketball,2023-04-07,,Milwaukee Bucks - Memphis Grizzlies,True
1208,1208,Basketball,2023-04-07,,New Orleans Pelicans - New York Knicks,True
1209,1209,Basketball,2023-04-07,,Dallas Mavericks - Chicago Bulls,True
1210,1210,Basketball,2023-04-07,,Sacramento Kings - Golden State Warriors,True
1211,1211,Basketball,2023-04-07,,Los Angeles Lakers - Phoenix Suns,True
1212,1212,Basketball,2023-04-08,,Utah Jazz - Denver Nuggets,True
1213,1213,Basketball,2023-04-08,,Los Angeles Clippers - Portland Trail Blazers,True
1214,1214,Basketball,2023-04-08,,San Antonio Spurs - Minnesota Timberwolves,True
